date,blood_group,platelet_demand_units,demand_condition,day_of_week,seasonal_factor
2023-01-01,O+,16.0,normal,Sunday,1.0014
2023-01-02,O+,27.0,normal,Monday,1.0028
2023-01-03,O+,16.0,low,Tuesday,1.0041
2023-01-04,O+,26.0,normal,Wednesday,1.0055
2023-01-05,O+,26.0,normal,Thursday,1.0069
2023-01-06,O+,19.0,low,Friday,1.0082
2023-01-07,O+,16.0,normal,Saturday,1.0096
2023-01-08,O+,16.0,normal,Sunday,1.011
2023-01-09,O+,32.0,high,Monday,1.0123
2023-01-10,O+,27.0,normal,Tuesday,1.0137
2023-01-11,O+,26.0,normal,Wednesday,1.015
2023-01-12,O+,27.0,normal,Thursday,1.0164
2023-01-13,O+,26.0,normal,Friday,1.0177
2023-01-14,O+,20.0,high,Saturday,1.0191
2023-01-15,O+,17.0,normal,Sunday,1.0204
2023-01-16,O+,20.0,low,Monday,1.0217
2023-01-17,O+,26.0,normal,Tuesday,1.0231
2023-01-18,O+,27.0,normal,Wednesday,1.0244
2023-01-19,O+,27.0,normal,Thursday,1.0257
2023-01-20,O+,26.0,normal,Friday,1.027
2023-01-21,O+,17.0,normal,Saturday,1.0283
2023-01-22,O+,15.0,normal,Sunday,1.0296
2023-01-23,O+,26.0,normal,Monday,1.0308
2023-01-24,O+,27.0,normal,Tuesday,1.0321
2023-01-25,O+,34.0,high,Wednesday,1.0334
2023-01-26,O+,42.0,surge,Thursday,1.0346
2023-01-27,O+,27.0,normal,Friday,1.0358
2023-01-28,O+,15.0,normal,Saturday,1.0371
2023-01-29,O+,16.0,normal,Sunday,1.0383
2023-01-30,O+,33.0,high,Monday,1.0395
2023-01-31,O+,26.0,normal,Tuesday,1.0407
2023-02-01,O+,26.0,normal,Wednesday,1.0418
2023-02-02,O+,27.0,normal,Thursday,1.043
2023-02-03,O+,28.0,normal,Friday,1.0442
2023-02-04,O+,16.0,normal,Saturday,1.0453
2023-02-05,O+,17.0,normal,Sunday,1.0464
2023-02-06,O+,26.0,normal,Monday,1.0476
2023-02-07,O+,26.0,normal,Tuesday,1.0486
2023-02-08,O+,27.0,normal,Wednesday,1.0497
2023-02-09,O+,27.0,normal,Thursday,1.0508
2023-02-10,O+,28.0,normal,Friday,1.0519
2023-02-11,O+,21.0,high,Saturday,1.0529
2023-02-12,O+,20.0,high,Sunday,1.0539
2023-02-13,O+,26.0,normal,Monday,1.0549
2023-02-14,O+,27.0,normal,Tuesday,1.0559
2023-02-15,O+,28.0,normal,Wednesday,1.0569
2023-02-16,O+,28.0,normal,Thursday,1.0579
2023-02-17,O+,27.0,normal,Friday,1.0588
2023-02-18,O+,19.0,high,Saturday,1.0597
2023-02-19,O+,11.0,low,Sunday,1.0606
2023-02-20,O+,28.0,normal,Monday,1.0615
2023-02-21,O+,19.0,low,Tuesday,1.0624
2023-02-22,O+,27.0,normal,Wednesday,1.0632
2023-02-23,O+,27.0,normal,Thursday,1.0641
2023-02-24,O+,27.0,normal,Friday,1.0649
2023-02-25,O+,18.0,normal,Saturday,1.0657
2023-02-26,O+,17.0,normal,Sunday,1.0665
2023-02-27,O+,27.0,normal,Monday,1.0672
2023-02-28,O+,28.0,normal,Tuesday,1.068
2023-03-01,O+,28.0,normal,Wednesday,1.0687
2023-03-02,O+,29.0,normal,Thursday,1.0694
2023-03-03,O+,27.0,normal,Friday,1.07
2023-03-04,O+,17.0,normal,Saturday,1.0707
2023-03-05,O+,21.0,high,Sunday,1.0713
2023-03-06,O+,29.0,normal,Monday,1.0719
2023-03-07,O+,19.0,low,Tuesday,1.0725
2023-03-08,O+,28.0,normal,Wednesday,1.0731
2023-03-09,O+,44.0,surge,Thursday,1.0737
2023-03-10,O+,27.0,normal,Friday,1.0742
2023-03-11,O+,21.0,high,Saturday,1.0747
2023-03-12,O+,19.0,normal,Sunday,1.0752
2023-03-13,O+,28.0,normal,Monday,1.0756
2023-03-14,O+,26.0,normal,Tuesday,1.0761
2023-03-15,O+,27.0,normal,Wednesday,1.0765
2023-03-16,O+,43.0,surge,Thursday,1.0769
2023-03-17,O+,29.0,normal,Friday,1.0772
2023-03-18,O+,17.0,normal,Saturday,1.0776
2023-03-19,O+,16.0,normal,Sunday,1.0779
2023-03-20,O+,28.0,normal,Monday,1.0782
2023-03-21,O+,34.0,high,Tuesday,1.0785
2023-03-22,O+,28.0,normal,Wednesday,1.0787
2023-03-23,O+,27.0,normal,Thursday,1.079
2023-03-24,O+,30.0,normal,Friday,1.0792
2023-03-25,O+,18.0,normal,Saturday,1.0794
2023-03-26,O+,18.0,normal,Sunday,1.0795
2023-03-27,O+,28.0,normal,Monday,1.0797
2023-03-28,O+,34.0,high,Tuesday,1.0798
2023-03-29,O+,28.0,normal,Wednesday,1.0799
2023-03-30,O+,27.0,normal,Thursday,1.0799
2023-03-31,O+,29.0,normal,Friday,1.08
2023-04-01,O+,17.0,normal,Saturday,1.08
2023-04-02,O+,18.0,normal,Sunday,1.08
2023-04-03,O+,28.0,normal,Monday,1.08
2023-04-04,O+,28.0,normal,Tuesday,1.0799
2023-04-05,O+,20.0,low,Wednesday,1.0798
2023-04-06,O+,33.0,high,Thursday,1.0797
2023-04-07,O+,36.0,high,Friday,1.0796
2023-04-08,O+,17.0,normal,Saturday,1.0795
2023-04-09,O+,16.0,normal,Sunday,1.0793
2023-04-10,O+,20.0,low,Monday,1.0791
2023-04-11,O+,34.0,high,Tuesday,1.0789
2023-04-12,O+,28.0,normal,Wednesday,1.0787
2023-04-13,O+,28.0,normal,Thursday,1.0784
2023-04-14,O+,26.0,normal,Friday,1.0781
2023-04-15,O+,16.0,normal,Saturday,1.0778
2023-04-16,O+,16.0,normal,Sunday,1.0775
2023-04-17,O+,29.0,normal,Monday,1.0771
2023-04-18,O+,34.0,high,Tuesday,1.0767
2023-04-19,O+,28.0,normal,Wednesday,1.0763
2023-04-20,O+,28.0,normal,Thursday,1.0759
2023-04-21,O+,20.0,low,Friday,1.0755
2023-04-22,O+,12.0,low,Saturday,1.075
2023-04-23,O+,17.0,normal,Sunday,1.0745
2023-04-24,O+,34.0,high,Monday,1.074
2023-04-25,O+,28.0,normal,Tuesday,1.0734
2023-04-26,O+,30.0,normal,Wednesday,1.0729
2023-04-27,O+,27.0,normal,Thursday,1.0723
2023-04-28,O+,27.0,normal,Friday,1.0717
2023-04-29,O+,21.0,high,Saturday,1.0711
2023-04-30,O+,16.0,normal,Sunday,1.0705
2023-05-01,O+,26.0,normal,Monday,1.0698
2023-05-02,O+,27.0,normal,Tuesday,1.0691
2023-05-03,O+,30.0,normal,Wednesday,1.0684
2023-05-04,O+,27.0,normal,Thursday,1.0677
2023-05-05,O+,26.0,normal,Friday,1.0669
2023-05-06,O+,19.0,normal,Saturday,1.0662
2023-05-07,O+,16.0,normal,Sunday,1.0654
2023-05-08,O+,36.0,high,Monday,1.0646
2023-05-09,O+,33.0,high,Tuesday,1.0638
2023-05-10,O+,29.0,normal,Wednesday,1.0629
2023-05-11,O+,19.0,low,Thursday,1.0621
2023-05-12,O+,28.0,normal,Friday,1.0612
2023-05-13,O+,20.0,high,Saturday,1.0603
2023-05-14,O+,20.0,high,Sunday,1.0594
2023-05-15,O+,34.0,high,Monday,1.0585
2023-05-16,O+,28.0,normal,Tuesday,1.0575
2023-05-17,O+,28.0,normal,Wednesday,1.0565
2023-05-18,O+,27.0,normal,Thursday,1.0556
2023-05-19,O+,33.0,high,Friday,1.0546
2023-05-20,O+,17.0,normal,Saturday,1.0535
2023-05-21,O+,18.0,normal,Sunday,1.0525
2023-05-22,O+,27.0,normal,Monday,1.0515
2023-05-23,O+,34.0,high,Tuesday,1.0504
2023-05-24,O+,34.0,high,Wednesday,1.0493
2023-05-25,O+,34.0,high,Thursday,1.0482
2023-05-26,O+,28.0,normal,Friday,1.0471
2023-05-27,O+,16.0,normal,Saturday,1.046
2023-05-28,O+,17.0,normal,Sunday,1.0449
2023-05-29,O+,33.0,high,Monday,1.0437
2023-05-30,O+,27.0,normal,Tuesday,1.0426
2023-05-31,O+,28.0,normal,Wednesday,1.0414
2023-06-01,O+,27.0,normal,Thursday,1.0402
2023-06-02,O+,33.0,high,Friday,1.039
2023-06-03,O+,15.0,normal,Saturday,1.0378
2023-06-04,O+,18.0,normal,Sunday,1.0366
2023-06-05,O+,28.0,normal,Monday,1.0354
2023-06-06,O+,27.0,normal,Tuesday,1.0341
2023-06-07,O+,18.0,low,Wednesday,1.0329
2023-06-08,O+,27.0,normal,Thursday,1.0316
2023-06-09,O+,28.0,normal,Friday,1.0304
2023-06-10,O+,18.0,normal,Saturday,1.0291
2023-06-11,O+,17.0,normal,Sunday,1.0278
2023-06-12,O+,27.0,normal,Monday,1.0265
2023-06-13,O+,28.0,normal,Tuesday,1.0252
2023-06-14,O+,27.0,normal,Wednesday,1.0239
2023-06-15,O+,27.0,normal,Thursday,1.0226
2023-06-16,O+,27.0,normal,Friday,1.0212
2023-06-17,O+,12.0,low,Saturday,1.0199
2023-06-18,O+,11.0,low,Sunday,1.0186
2023-06-19,O+,26.0,normal,Monday,1.0172
2023-06-20,O+,27.0,normal,Tuesday,1.0159
2023-06-21,O+,25.0,normal,Wednesday,1.0145
2023-06-22,O+,31.0,high,Thursday,1.0132
2023-06-23,O+,27.0,normal,Friday,1.0118
2023-06-24,O+,17.0,normal,Saturday,1.0105
2023-06-25,O+,16.0,normal,Sunday,1.0091
2023-06-26,O+,27.0,normal,Monday,1.0077
2023-06-27,O+,16.0,low,Tuesday,1.0064
2023-06-28,O+,32.0,high,Wednesday,1.005
2023-06-29,O+,27.0,normal,Thursday,1.0036
2023-06-30,O+,27.0,normal,Friday,1.0022
2023-07-01,O+,17.0,normal,Saturday,1.0009
2023-07-02,O+,16.0,normal,Sunday,0.9995
2023-07-03,O+,26.0,normal,Monday,0.9981
2023-07-04,O+,31.0,high,Tuesday,0.9967
2023-07-05,O+,18.0,low,Wednesday,0.9954
2023-07-06,O+,25.0,normal,Thursday,0.994
2023-07-07,O+,27.0,normal,Friday,0.9926
2023-07-08,O+,15.0,normal,Saturday,0.9912
2023-07-09,O+,16.0,normal,Sunday,0.9899
2023-07-10,O+,27.0,normal,Monday,0.9885
2023-07-11,O+,32.0,high,Tuesday,0.9872
2023-07-12,O+,28.0,normal,Wednesday,0.9858
2023-07-13,O+,24.0,normal,Thursday,0.9844
2023-07-14,O+,39.0,surge,Friday,0.9831
2023-07-15,O+,17.0,normal,Saturday,0.9818
2023-07-16,O+,14.0,normal,Sunday,0.9804
2023-07-17,O+,25.0,normal,Monday,0.9791
2023-07-18,O+,26.0,normal,Tuesday,0.9778
2023-07-19,O+,16.0,low,Wednesday,0.9764
2023-07-20,O+,25.0,normal,Thursday,0.9751
2023-07-21,O+,31.0,high,Friday,0.9738
2023-07-22,O+,19.0,high,Saturday,0.9725
2023-07-23,O+,24.0,surge,Sunday,0.9712
2023-07-24,O+,30.0,high,Monday,0.97
2023-07-25,O+,25.0,normal,Tuesday,0.9687
2023-07-26,O+,25.0,normal,Wednesday,0.9674
2023-07-27,O+,39.0,surge,Thursday,0.9662
2023-07-28,O+,26.0,normal,Friday,0.9649
2023-07-29,O+,14.0,normal,Saturday,0.9637
2023-07-30,O+,16.0,high,Sunday,0.9625
2023-07-31,O+,18.0,low,Monday,0.9613
2023-08-01,O+,25.0,normal,Tuesday,0.9601
2023-08-02,O+,32.0,high,Wednesday,0.9589
2023-08-03,O+,30.0,high,Thursday,0.9577
2023-08-04,O+,25.0,normal,Friday,0.9566
2023-08-05,O+,15.0,normal,Saturday,0.9554
2023-08-06,O+,15.0,normal,Sunday,0.9543
2023-08-07,O+,24.0,normal,Monday,0.9531
2023-08-08,O+,18.0,low,Tuesday,0.952
2023-08-09,O+,29.0,high,Wednesday,0.9509
2023-08-10,O+,29.0,high,Thursday,0.9499
2023-08-11,O+,25.0,normal,Friday,0.9488
2023-08-12,O+,19.0,high,Saturday,0.9477
2023-08-13,O+,10.0,low,Sunday,0.9467
2023-08-14,O+,24.0,normal,Monday,0.9457
2023-08-15,O+,24.0,normal,Tuesday,0.9447
2023-08-16,O+,17.0,low,Wednesday,0.9437
2023-08-17,O+,24.0,normal,Thursday,0.9427
2023-08-18,O+,25.0,normal,Friday,0.9418
2023-08-19,O+,19.0,high,Saturday,0.9408
2023-08-20,O+,15.0,normal,Sunday,0.9399
2023-08-21,O+,31.0,high,Monday,0.939
2023-08-22,O+,24.0,normal,Tuesday,0.9381
2023-08-23,O+,25.0,normal,Wednesday,0.9373
2023-08-24,O+,25.0,normal,Thursday,0.9364
2023-08-25,O+,25.0,normal,Friday,0.9356
2023-08-26,O+,13.0,normal,Saturday,0.9348
2023-08-27,O+,22.0,surge,Sunday,0.934
2023-08-28,O+,24.0,normal,Monday,0.9333
2023-08-29,O+,25.0,normal,Tuesday,0.9325
2023-08-30,O+,25.0,normal,Wednesday,0.9318
2023-08-31,O+,24.0,normal,Thursday,0.9311
2023-09-01,O+,25.0,normal,Friday,0.9304
2023-09-02,O+,16.0,normal,Saturday,0.9297
2023-09-03,O+,15.0,normal,Sunday,0.9291
2023-09-04,O+,24.0,normal,Monday,0.9284
2023-09-05,O+,17.0,low,Tuesday,0.9278
2023-09-06,O+,24.0,normal,Wednesday,0.9272
2023-09-07,O+,23.0,normal,Thursday,0.9267
2023-09-08,O+,23.0,normal,Friday,0.9261
2023-09-09,O+,18.0,high,Saturday,0.9256
2023-09-10,O+,19.0,high,Sunday,0.9251
2023-09-11,O+,24.0,normal,Monday,0.9247
2023-09-12,O+,24.0,normal,Tuesday,0.9242
2023-09-13,O+,36.0,surge,Wednesday,0.9238
2023-09-14,O+,22.0,normal,Thursday,0.9234
2023-09-15,O+,30.0,high,Friday,0.923
2023-09-16,O+,17.0,high,Saturday,0.9226
2023-09-17,O+,8.0,low,Sunday,0.9223
2023-09-18,O+,26.0,normal,Monday,0.922
2023-09-19,O+,,normal,Tuesday,0.9217
2023-09-20,O+,23.0,normal,Wednesday,0.9214
2023-09-21,O+,37.0,surge,Thursday,0.9212
2023-09-22,O+,25.0,normal,Friday,0.9209
2023-09-23,O+,18.0,high,Saturday,0.9207
2023-09-24,O+,11.0,low,Sunday,0.9206
2023-09-25,O+,23.0,normal,Monday,0.9204
2023-09-26,O+,30.0,high,Tuesday,0.9203
2023-09-27,O+,25.0,normal,Wednesday,0.9202
2023-09-28,O+,25.0,normal,Thursday,0.9201
2023-09-29,O+,24.0,normal,Friday,0.92
2023-09-30,O+,14.0,normal,Saturday,0.92
2023-10-01,O+,17.0,high,Sunday,0.92
2023-10-02,O+,22.0,normal,Monday,0.92
2023-10-03,O+,23.0,normal,Tuesday,0.9201
2023-10-04,O+,27.0,high,Wednesday,0.9201
2023-10-05,O+,22.0,normal,Thursday,0.9202
2023-10-06,O+,24.0,normal,Friday,0.9203
2023-10-07,O+,14.0,normal,Saturday,0.9204
2023-10-08,O+,15.0,normal,Sunday,0.9206
2023-10-09,O+,25.0,normal,Monday,0.9208
2023-10-10,O+,24.0,normal,Tuesday,0.921
2023-10-11,O+,24.0,normal,Wednesday,0.9212
2023-10-12,O+,24.0,normal,Thursday,0.9214
2023-10-13,O+,23.0,normal,Friday,0.9217
2023-10-14,O+,13.0,normal,Saturday,0.922
2023-10-15,O+,17.0,high,Sunday,0.9223
2023-10-16,O+,24.0,normal,Monday,0.9227
2023-10-17,O+,29.0,high,Tuesday,0.923
2023-10-18,O+,25.0,normal,Wednesday,0.9234
2023-10-19,O+,17.0,low,Thursday,0.9238
2023-10-20,O+,24.0,normal,Friday,0.9243
2023-10-21,O+,21.0,surge,Saturday,0.9247
2023-10-22,O+,15.0,normal,Sunday,0.9252
2023-10-23,O+,17.0,low,Monday,0.9257
2023-10-24,O+,25.0,normal,Tuesday,0.9262
2023-10-25,O+,24.0,normal,Wednesday,0.9268
2023-10-26,O+,15.0,low,Thursday,0.9273
2023-10-27,O+,24.0,normal,Friday,0.9279
2023-10-28,O+,15.0,normal,Saturday,0.9285
2023-10-29,O+,14.0,normal,Sunday,0.9291
2023-10-30,O+,17.0,low,Monday,0.9298
2023-10-31,O+,23.0,normal,Tuesday,0.9305
2023-11-01,O+,26.0,normal,Wednesday,0.9312
2023-11-02,O+,29.0,high,Thursday,0.9319
2023-11-03,O+,23.0,normal,Friday,0.9326
2023-11-04,O+,10.0,low,Saturday,0.9333
2023-11-05,O+,11.0,low,Sunday,0.9341
2023-11-06,O+,25.0,normal,Monday,0.9349
2023-11-07,O+,25.0,normal,Tuesday,0.9357
2023-11-08,O+,16.0,low,Wednesday,0.9365
2023-11-09,O+,38.0,surge,Thursday,0.9374
2023-11-10,O+,28.0,high,Friday,0.9383
2023-11-11,O+,14.0,normal,Saturday,0.9391
2023-11-12,O+,14.0,normal,Sunday,0.94
2023-11-13,O+,24.0,normal,Monday,0.941
2023-11-14,O+,30.0,high,Tuesday,0.9419
2023-11-15,O+,24.0,normal,Wednesday,0.9429
2023-11-16,O+,38.0,surge,Thursday,0.9438
2023-11-17,O+,25.0,normal,Friday,0.9448
2023-11-18,O+,15.0,normal,Saturday,0.9458
2023-11-19,O+,15.0,normal,Sunday,0.9468
2023-11-20,O+,24.0,normal,Monday,0.9479
2023-11-21,O+,26.0,normal,Tuesday,0.9489
2023-11-22,O+,24.0,normal,Wednesday,0.95
2023-11-23,O+,24.0,normal,Thursday,0.9511
2023-11-24,O+,25.0,normal,Friday,0.9522
2023-11-25,O+,16.0,normal,Saturday,0.9533
2023-11-26,O+,14.0,normal,Sunday,0.9544
2023-11-27,O+,27.0,normal,Monday,0.9555
2023-11-28,O+,30.0,high,Tuesday,0.9567
2023-11-29,O+,18.0,low,Wednesday,0.9579
2023-11-30,O+,24.0,normal,Thursday,0.959
2023-12-01,O+,25.0,normal,Friday,0.9602
2023-12-02,O+,20.0,high,Saturday,0.9614
2023-12-03,O+,20.0,high,Sunday,0.9626
2023-12-04,O+,39.0,surge,Monday,0.9639
2023-12-05,O+,24.0,normal,Tuesday,0.9651
2023-12-06,O+,26.0,normal,Wednesday,0.9663
2023-12-07,O+,24.0,normal,Thursday,0.9676
2023-12-08,O+,24.0,normal,Friday,0.9688
2023-12-09,O+,15.0,normal,Saturday,0.9701
2023-12-10,O+,14.0,normal,Sunday,0.9714
2023-12-11,O+,25.0,normal,Monday,0.9727
2023-12-12,O+,26.0,normal,Tuesday,0.974
2023-12-13,O+,25.0,normal,Wednesday,0.9753
2023-12-14,O+,32.0,high,Thursday,0.9766
2023-12-15,O+,28.0,normal,Friday,0.9779
2023-12-16,O+,16.0,normal,Saturday,0.9793
2023-12-17,O+,16.0,normal,Sunday,0.9806
2023-12-18,O+,27.0,normal,Monday,0.9819
2023-12-19,O+,25.0,normal,Tuesday,0.9833
2023-12-20,O+,32.0,high,Wednesday,0.9846
2023-12-21,O+,18.0,low,Thursday,0.986
2023-12-22,O+,26.0,normal,Friday,0.9873
2023-12-23,O+,12.0,low,Saturday,0.9887
2023-12-24,O+,18.0,high,Sunday,0.99
2023-12-25,O+,29.0,high,Monday,0.9914
2023-12-26,O+,25.0,normal,Tuesday,0.9928
2023-12-27,O+,32.0,high,Wednesday,0.9942
2023-12-28,O+,25.0,normal,Thursday,0.9955
2023-12-29,O+,27.0,normal,Friday,0.9969
2023-12-30,O+,15.0,normal,Saturday,0.9983
2023-12-31,O+,16.0,normal,Sunday,0.9997
2024-01-01,O+,32.0,high,Monday,1.0014
2024-01-02,O+,39.0,surge,Tuesday,1.0028
2024-01-03,O+,26.0,normal,Wednesday,1.0041
2024-01-04,O+,25.0,normal,Thursday,1.0055
2024-01-05,O+,26.0,normal,Friday,1.0069
2024-01-06,O+,16.0,normal,Saturday,1.0082
2024-01-07,O+,14.0,normal,Sunday,1.0096
2024-01-08,O+,25.0,normal,Monday,1.011
2024-01-09,O+,19.0,low,Tuesday,1.0123
2024-01-10,O+,25.0,normal,Wednesday,1.0137
2024-01-11,O+,33.0,high,Thursday,1.015
2024-01-12,O+,33.0,high,Friday,1.0164
2024-01-13,O+,25.0,surge,Saturday,1.0177
2024-01-14,O+,26.0,surge,Sunday,1.0191
2024-01-15,O+,25.0,normal,Monday,1.0204
2024-01-16,O+,27.0,normal,Tuesday,1.0217
2024-01-17,O+,26.0,normal,Wednesday,1.0231
2024-01-18,O+,27.0,normal,Thursday,1.0244
2024-01-19,O+,34.0,high,Friday,1.0257
2024-01-20,O+,16.0,normal,Saturday,1.027
2024-01-21,O+,16.0,normal,Sunday,1.0283
2024-01-22,O+,26.0,normal,Monday,1.0296
2024-01-23,O+,28.0,normal,Tuesday,1.0308
2024-01-24,O+,26.0,normal,Wednesday,1.0321
2024-01-25,O+,27.0,normal,Thursday,1.0334
2024-01-26,O+,28.0,normal,Friday,1.0346
2024-01-27,O+,21.0,high,Saturday,1.0358
2024-01-28,O+,17.0,normal,Sunday,1.0371
2024-01-29,O+,33.0,high,Monday,1.0383
2024-01-30,O+,26.0,normal,Tuesday,1.0395
2024-01-31,O+,29.0,normal,Wednesday,1.0407
2024-02-01,O+,27.0,normal,Thursday,1.0418
2024-02-02,O+,33.0,high,Friday,1.043
2024-02-03,O+,19.0,high,Saturday,1.0442
2024-02-04,O+,12.0,low,Sunday,1.0453
2024-02-05,O+,42.0,surge,Monday,1.0464
2024-02-06,O+,29.0,normal,Tuesday,1.0476
2024-02-07,O+,27.0,normal,Wednesday,1.0486
2024-02-08,O+,27.0,normal,Thursday,1.0497
2024-02-09,O+,26.0,normal,Friday,1.0508
2024-02-10,O+,16.0,normal,Saturday,1.0519
2024-02-11,O+,17.0,normal,Sunday,1.0529
2024-02-12,O+,41.0,surge,Monday,1.0539
2024-02-13,O+,28.0,normal,Tuesday,1.0549
2024-02-14,O+,28.0,normal,Wednesday,1.0559
2024-02-15,O+,27.0,normal,Thursday,1.0569
2024-02-16,O+,28.0,normal,Friday,1.0579
2024-02-17,O+,18.0,normal,Saturday,1.0588
2024-02-18,O+,12.0,low,Sunday,1.0597
2024-02-19,O+,27.0,normal,Monday,1.0606
2024-02-20,O+,27.0,normal,Tuesday,1.0615
2024-02-21,O+,28.0,normal,Wednesday,1.0624
2024-02-22,O+,27.0,normal,Thursday,1.0632
2024-02-23,O+,27.0,normal,Friday,1.0641
2024-02-24,O+,12.0,low,Saturday,1.0649
2024-02-25,O+,16.0,normal,Sunday,1.0657
2024-02-26,O+,27.0,normal,Monday,1.0665
2024-02-27,O+,26.0,normal,Tuesday,1.0672
2024-02-28,O+,28.0,normal,Wednesday,1.068
2024-02-29,O+,29.0,normal,Thursday,1.0687
2024-03-01,O+,28.0,normal,Friday,1.0694
2024-03-02,O+,16.0,normal,Saturday,1.07
2024-03-03,O+,16.0,normal,Sunday,1.0707
2024-03-04,O+,28.0,normal,Monday,1.0713
2024-03-05,O+,45.0,surge,Tuesday,1.0719
2024-03-06,O+,30.0,normal,Wednesday,1.0725
2024-03-07,O+,29.0,normal,Thursday,1.0731
2024-03-08,O+,28.0,normal,Friday,1.0737
2024-03-09,O+,20.0,normal,Saturday,1.0742
2024-03-10,O+,16.0,normal,Sunday,1.0747
2024-03-11,O+,28.0,normal,Monday,1.0752
2024-03-12,O+,29.0,normal,Tuesday,1.0756
2024-03-13,O+,34.0,high,Wednesday,1.0761
2024-03-14,O+,28.0,normal,Thursday,1.0765
2024-03-15,O+,18.0,low,Friday,1.0769
2024-03-16,O+,20.0,high,Saturday,1.0772
2024-03-17,O+,17.0,normal,Sunday,1.0776
2024-03-18,O+,27.0,normal,Monday,1.0779
2024-03-19,O+,27.0,normal,Tuesday,1.0782
2024-03-20,O+,27.0,normal,Wednesday,1.0785
2024-03-21,O+,28.0,normal,Thursday,1.0787
2024-03-22,O+,29.0,normal,Friday,1.079
2024-03-23,O+,19.0,high,Saturday,1.0792
2024-03-24,O+,17.0,normal,Sunday,1.0794
2024-03-25,O+,28.0,normal,Monday,1.0795
2024-03-26,O+,20.0,low,Tuesday,1.0797
2024-03-27,O+,19.0,low,Wednesday,1.0798
2024-03-28,O+,33.0,high,Thursday,1.0799
2024-03-29,O+,29.0,normal,Friday,1.0799
2024-03-30,O+,15.0,normal,Saturday,1.08
2024-03-31,O+,16.0,normal,Sunday,1.08
2024-04-01,O+,28.0,normal,Monday,1.08
2024-04-02,O+,28.0,normal,Tuesday,1.08
2024-04-03,O+,27.0,normal,Wednesday,1.0799
2024-04-04,O+,28.0,normal,Thursday,1.0798
2024-04-05,O+,28.0,normal,Friday,1.0797
2024-04-06,O+,17.0,normal,Saturday,1.0796
2024-04-07,O+,20.0,high,Sunday,1.0795
2024-04-08,O+,34.0,high,Monday,1.0793
2024-04-09,O+,28.0,normal,Tuesday,1.0791
2024-04-10,O+,27.0,normal,Wednesday,1.0789
2024-04-11,O+,29.0,normal,Thursday,1.0787
2024-04-12,O+,29.0,normal,Friday,1.0784
2024-04-13,O+,18.0,normal,Saturday,1.0781
2024-04-14,O+,18.0,normal,Sunday,1.0778
2024-04-15,O+,19.0,low,Monday,1.0775
2024-04-16,O+,28.0,normal,Tuesday,1.0771
2024-04-17,O+,28.0,normal,Wednesday,1.0767
2024-04-18,O+,28.0,normal,Thursday,1.0763
2024-04-19,O+,34.0,high,Friday,1.0759
2024-04-20,O+,12.0,low,Saturday,1.0755
2024-04-21,O+,13.0,low,Sunday,1.075
2024-04-22,O+,28.0,normal,Monday,1.0745
2024-04-23,O+,27.0,normal,Tuesday,1.074
2024-04-24,O+,35.0,high,Wednesday,1.0734
2024-04-25,O+,28.0,normal,Thursday,1.0729
2024-04-26,O+,28.0,normal,Friday,1.0723
2024-04-27,O+,17.0,normal,Saturday,1.0717
2024-04-28,O+,12.0,low,Sunday,1.0711
2024-04-29,O+,28.0,normal,Monday,1.0705
2024-04-30,O+,32.0,high,Tuesday,1.0698
2024-05-01,O+,28.0,normal,Wednesday,1.0691
2024-05-02,O+,27.0,normal,Thursday,1.0684
2024-05-03,O+,27.0,normal,Friday,1.0677
2024-05-04,O+,17.0,normal,Saturday,1.0669
2024-05-05,O+,13.0,low,Sunday,1.0662
2024-05-06,O+,27.0,normal,Monday,1.0654
2024-05-07,O+,19.0,low,Tuesday,1.0646
2024-05-08,O+,33.0,high,Wednesday,1.0638
2024-05-09,O+,34.0,high,Thursday,1.0629
2024-05-10,O+,27.0,normal,Friday,1.0621
2024-05-11,O+,12.0,low,Saturday,1.0612
2024-05-12,O+,16.0,normal,Sunday,1.0603
2024-05-13,O+,28.0,normal,Monday,1.0594
2024-05-14,O+,26.0,normal,Tuesday,1.0585
2024-05-15,O+,28.0,normal,Wednesday,1.0575
2024-05-16,O+,28.0,normal,Thursday,1.0565
2024-05-17,O+,34.0,high,Friday,1.0556
2024-05-18,O+,15.0,normal,Saturday,1.0546
2024-05-19,O+,16.0,normal,Sunday,1.0535
2024-05-20,O+,20.0,low,Monday,1.0525
2024-05-21,O+,29.0,normal,Tuesday,1.0515
2024-05-22,O+,27.0,normal,Wednesday,1.0504
2024-05-23,O+,28.0,normal,Thursday,1.0493
2024-05-24,O+,27.0,normal,Friday,1.0482
2024-05-25,O+,17.0,normal,Saturday,1.0471
2024-05-26,O+,16.0,normal,Sunday,1.046
2024-05-27,O+,33.0,high,Monday,1.0449
2024-05-28,O+,28.0,normal,Tuesday,1.0437
2024-05-29,O+,43.0,surge,Wednesday,1.0426
2024-05-30,O+,26.0,normal,Thursday,1.0414
2024-05-31,O+,27.0,normal,Friday,1.0402
2024-06-01,O+,16.0,normal,Saturday,1.039
2024-06-02,O+,16.0,normal,,1.0378
2024-06-03,O+,27.0,normal,Monday,1.0366
2024-06-04,O+,27.0,normal,Tuesday,1.0354
2024-06-05,O+,27.0,normal,Wednesday,1.0341
2024-06-06,O+,17.0,low,Thursday,1.0329
2024-06-07,O+,25.0,normal,Friday,1.0316
2024-06-08,O+,,normal,Saturday,1.0304
2024-06-09,O+,17.0,normal,Sunday,1.0291
2024-06-10,O+,41.0,surge,Monday,1.0278
2024-06-11,O+,26.0,normal,Tuesday,1.0265
2024-06-12,O+,28.0,normal,Wednesday,1.0252
2024-06-13,O+,27.0,normal,Thursday,1.0239
2024-06-14,O+,26.0,normal,Friday,1.0226
2024-06-15,O+,17.0,normal,Saturday,1.0212
2024-06-16,O+,15.0,normal,Sunday,1.0199
2024-06-17,O+,18.0,low,Monday,1.0186
2024-06-18,O+,18.0,low,Tuesday,1.0172
2024-06-19,O+,25.0,normal,Wednesday,1.0159
2024-06-20,O+,26.0,normal,Thursday,1.0145
2024-06-21,O+,25.0,normal,Friday,1.0132
2024-06-22,O+,16.0,normal,Saturday,1.0118
2024-06-23,O+,16.0,normal,Sunday,1.0105
2024-06-24,O+,26.0,normal,Monday,1.0091
2024-06-25,O+,26.0,normal,Tuesday,1.0077
2024-06-26,O+,40.0,surge,Wednesday,1.0064
2024-06-27,O+,25.0,normal,Thursday,1.005
2024-06-28,O+,33.0,high,Friday,1.0036
2024-06-29,O+,19.0,high,Saturday,1.0022
2024-06-30,O+,11.0,low,Sunday,1.0009
2024-07-01,O+,31.0,high,Monday,0.9995
2024-07-02,O+,27.0,normal,Tuesday,0.9981
2024-07-03,O+,18.0,low,Wednesday,0.9967
2024-07-04,O+,32.0,high,Thursday,0.9954
2024-07-05,O+,26.0,normal,Friday,0.994
2024-07-06,O+,16.0,normal,Saturday,0.9926
2024-07-07,O+,14.0,normal,Sunday,0.9912
2024-07-08,O+,26.0,normal,Monday,0.9899
2024-07-09,O+,25.0,normal,Tuesday,0.9885
2024-07-10,O+,26.0,normal,Wednesday,0.9872
2024-07-11,O+,17.0,low,Thursday,0.9858
2024-07-12,O+,31.0,high,Friday,0.9844
2024-07-13,O+,11.0,low,Saturday,0.9831
2024-07-14,O+,17.0,normal,Sunday,0.9818
2024-07-15,O+,32.0,high,Monday,0.9804
2024-07-16,O+,26.0,normal,Tuesday,0.9791
2024-07-17,O+,26.0,normal,Wednesday,0.9778
2024-07-18,O+,25.0,normal,Thursday,0.9764
2024-07-19,O+,26.0,normal,Friday,0.9751
2024-07-20,O+,15.0,normal,Saturday,0.9738
2024-07-21,O+,19.0,high,Sunday,0.9725
2024-07-22,O+,31.0,high,Monday,0.9712
2024-07-23,O+,25.0,normal,Tuesday,0.97
2024-07-24,O+,30.0,high,Wednesday,0.9687
2024-07-25,O+,25.0,normal,Thursday,0.9674
2024-07-26,O+,39.0,surge,Friday,0.9662
2024-07-27,O+,15.0,normal,Saturday,0.9649
2024-07-28,O+,19.0,high,Sunday,0.9637
2024-07-29,O+,23.0,normal,Monday,0.9625
2024-07-30,O+,25.0,normal,Tuesday,0.9613
2024-07-31,O+,26.0,normal,Wednesday,0.9601
2024-08-01,O+,26.0,normal,Thursday,0.9589
2024-08-02,O+,25.0,normal,Friday,0.9577
2024-08-03,O+,15.0,normal,Saturday,0.9566
2024-08-04,O+,13.0,normal,Sunday,0.9554
2024-08-05,O+,24.0,normal,Monday,0.9543
2024-08-06,O+,31.0,high,Tuesday,0.9531
2024-08-07,O+,30.0,high,Wednesday,0.952
2024-08-08,O+,26.0,normal,Thursday,0.9509
2024-08-09,O+,31.0,high,Friday,0.9499
2024-08-10,O+,15.0,normal,Saturday,0.9488
2024-08-11,O+,15.0,normal,Sunday,0.9477
2024-08-12,O+,26.0,normal,Monday,0.9467
2024-08-13,O+,23.0,normal,Tuesday,0.9457
2024-08-14,O+,24.0,normal,Wednesday,0.9447
2024-08-15,O+,23.0,normal,Thursday,0.9437
2024-08-16,O+,24.0,normal,Friday,0.9427
2024-08-17,O+,25.0,surge,Saturday,0.9418
2024-08-18,O+,15.0,normal,Sunday,0.9408
2024-08-19,O+,23.0,normal,Monday,0.9399
2024-08-20,O+,23.0,normal,Tuesday,0.939
2024-08-21,O+,23.0,normal,Wednesday,0.9381
2024-08-22,O+,24.0,normal,Thursday,0.9373
2024-08-23,O+,25.0,normal,Friday,0.9364
2024-08-24,O+,16.0,normal,Saturday,0.9356
2024-08-25,O+,24.0,surge,Sunday,0.9348
2024-08-26,O+,23.0,normal,Monday,0.934
2024-08-27,O+,30.0,high,Tuesday,0.9333
2024-08-28,O+,24.0,normal,Wednesday,0.9325
2024-08-29,O+,18.0,low,Thursday,0.9318
2024-08-30,O+,25.0,normal,Friday,0.9311
2024-08-31,O+,17.0,normal,Saturday,0.9304
2024-09-01,O+,14.0,normal,Sunday,0.9297
2024-09-02,O+,23.0,normal,Monday,0.9291
2024-09-03,O+,29.0,high,Tuesday,0.9284
2024-09-04,O+,24.0,normal,Wednesday,0.9278
2024-09-05,O+,23.0,normal,Thursday,0.9272
2024-09-06,O+,23.0,normal,Friday,0.9267
2024-09-07,O+,15.0,normal,Saturday,0.9261
2024-09-08,O+,14.0,normal,Sunday,0.9256
2024-09-09,O+,29.0,high,Monday,0.9251
2024-09-10,O+,28.0,high,Tuesday,0.9247
2024-09-11,O+,27.0,high,Wednesday,0.9242
2024-09-12,O+,25.0,normal,Thursday,0.9238
2024-09-13,O+,25.0,normal,Friday,0.9234
2024-09-14,O+,19.0,high,Saturday,0.923
2024-09-15,O+,15.0,normal,Sunday,0.9226
2024-09-16,O+,23.0,normal,Monday,0.9223
2024-09-17,O+,30.0,high,Tuesday,0.922
2024-09-18,O+,23.0,normal,Wednesday,0.9217
2024-09-19,O+,24.0,normal,Thursday,0.9214
2024-09-20,O+,28.0,high,Friday,0.9212
2024-09-21,O+,15.0,normal,Saturday,0.9209
2024-09-22,O+,16.0,normal,Sunday,0.9207
2024-09-23,O+,23.0,normal,Monday,0.9206
2024-09-24,O+,23.0,normal,Tuesday,0.9204
2024-09-25,O+,17.0,low,Wednesday,0.9203
2024-09-26,O+,22.0,normal,Thursday,0.9202
2024-09-27,O+,22.0,normal,Friday,0.9201
2024-09-28,O+,16.0,normal,Saturday,0.92
2024-09-29,O+,15.0,normal,Sunday,0.92
2024-09-30,O+,23.0,normal,Monday,0.92
2024-10-01,O+,29.0,high,Tuesday,0.92
2024-10-02,O+,23.0,normal,Wednesday,0.9201
2024-10-03,O+,24.0,normal,Thursday,0.9201
2024-10-04,O+,23.0,normal,Friday,0.9202
2024-10-05,O+,14.0,normal,Saturday,0.9203
2024-10-06,O+,15.0,normal,Sunday,0.9204
2024-10-07,O+,30.0,high,Monday,0.9206
2024-10-08,O+,25.0,normal,Tuesday,0.9208
2024-10-09,O+,24.0,normal,Wednesday,0.921
2024-10-10,O+,37.0,surge,Thursday,0.9212
2024-10-11,O+,25.0,normal,Friday,0.9214
2024-10-12,O+,14.0,normal,Saturday,0.9217
2024-10-13,O+,13.0,normal,Sunday,0.922
2024-10-14,O+,38.0,surge,Monday,0.9223
2024-10-15,O+,24.0,normal,Tuesday,0.9227
2024-10-16,O+,24.0,normal,Wednesday,0.923
2024-10-17,O+,25.0,normal,Thursday,0.9234
2024-10-18,O+,24.0,normal,Friday,0.9238
2024-10-19,O+,13.0,normal,Saturday,0.9243
2024-10-20,O+,11.0,low,Sunday,0.9247
2024-10-21,O+,23.0,normal,Monday,0.9252
2024-10-22,O+,23.0,normal,Tuesday,0.9257
2024-10-23,O+,22.0,normal,Wednesday,0.9262
2024-10-24,O+,25.0,normal,Thursday,0.9268
2024-10-25,O+,22.0,normal,Friday,0.9273
2024-10-26,O+,16.0,normal,Saturday,0.9279
2024-10-27,O+,18.0,high,Sunday,0.9285
2024-10-28,O+,25.0,normal,Monday,0.9291
2024-10-29,O+,25.0,normal,Tuesday,0.9298
2024-10-30,O+,39.0,surge,Wednesday,0.9305
2024-10-31,O+,25.0,normal,Thursday,0.9312
2024-11-01,O+,31.0,high,Friday,0.9319
2024-11-02,O+,14.0,normal,Saturday,0.9326
2024-11-03,O+,17.0,high,Sunday,0.9333
2024-11-04,O+,25.0,normal,Monday,0.9341
2024-11-05,O+,28.0,high,Tuesday,0.9349
2024-11-06,O+,25.0,normal,Wednesday,0.9357
2024-11-07,O+,16.0,low,Thursday,0.9365
2024-11-08,O+,25.0,normal,Friday,0.9374
2024-11-09,O+,20.0,high,Saturday,0.9383
2024-11-10,O+,15.0,normal,Sunday,0.9391
2024-11-11,O+,24.0,normal,Monday,0.94
2024-11-12,O+,38.0,surge,Tuesday,0.941
2024-11-13,O+,17.0,low,Wednesday,0.9419
2024-11-14,O+,32.0,high,Thursday,0.9429
2024-11-15,O+,24.0,normal,Friday,0.9438
2024-11-16,O+,18.0,high,Saturday,0.9448
2024-11-17,O+,15.0,normal,Sunday,0.9458
2024-11-18,O+,25.0,normal,Monday,0.9468
2024-11-19,O+,25.0,normal,Tuesday,0.9479
2024-11-20,O+,24.0,normal,Wednesday,0.9489
2024-11-21,O+,24.0,normal,Thursday,0.95
2024-11-22,O+,18.0,low,Friday,0.9511
2024-11-23,O+,16.0,normal,Saturday,0.9522
2024-11-24,O+,11.0,low,Sunday,0.9533
2024-11-25,O+,26.0,normal,Monday,0.9544
2024-11-26,O+,26.0,normal,Tuesday,0.9555
2024-11-27,O+,26.0,normal,Wednesday,0.9567
2024-11-28,O+,29.0,high,Thursday,0.9579
2024-11-29,O+,25.0,normal,Friday,0.959
2024-11-30,O+,15.0,normal,Saturday,0.9602
2024-12-01,O+,17.0,normal,Sunday,0.9614
2024-12-02,O+,22.0,normal,Monday,0.9626
2024-12-03,O+,25.0,normal,Tuesday,0.9639
2024-12-04,O+,31.0,high,Wednesday,0.9651
2024-12-05,O+,24.0,normal,Thursday,0.9663
2024-12-06,O+,17.0,low,Friday,0.9676
2024-12-07,O+,25.0,surge,Saturday,0.9688
2024-12-08,O+,16.0,normal,Sunday,0.9701
2024-12-09,O+,27.0,normal,Monday,0.9714
2024-12-10,O+,18.0,low,Tuesday,0.9727
2024-12-11,O+,24.0,normal,Wednesday,0.974
2024-12-12,O+,31.0,high,Thursday,0.9753
2024-12-13,O+,25.0,normal,Friday,0.9766
2024-12-14,O+,16.0,normal,Saturday,0.9779
2024-12-15,O+,16.0,normal,Sunday,0.9793
2024-12-16,O+,26.0,normal,Monday,0.9806
2024-12-17,O+,27.0,normal,Tuesday,0.9819
2024-12-18,O+,27.0,normal,Wednesday,0.9833
2024-12-19,O+,25.0,normal,Thursday,0.9846
2024-12-20,O+,19.0,low,Friday,0.986
2024-12-21,O+,16.0,normal,Saturday,0.9873
2024-12-22,O+,15.0,normal,Sunday,0.9887
2024-12-23,O+,27.0,normal,Monday,0.99
2024-12-24,O+,25.0,normal,Tuesday,0.9914
2024-12-25,O+,27.0,normal,Wednesday,0.9928
2024-12-26,O+,19.0,low,Thursday,0.9942
2024-12-27,O+,31.0,high,Friday,0.9955
2024-12-28,O+,14.0,normal,Saturday,0.9969
2024-12-29,O+,16.0,normal,Sunday,0.9983
2024-12-30,O+,23.0,normal,Monday,0.9997
2024-12-31,O+,27.0,normal,Tuesday,1.001
2023-01-01,A+,12.0,normal,Sunday,1.0014
2023-01-02,A+,20.0,normal,Monday,1.0028
2023-01-03,A+,14.0,low,Tuesday,1.0041
2023-01-04,A+,20.0,normal,Wednesday,1.0055
2023-01-05,A+,23.0,high,Thursday,1.0069
2023-01-06,A+,19.0,normal,Friday,1.0082
2023-01-07,A+,11.0,normal,Saturday,1.0096
2023-01-08,A+,12.0,normal,Sunday,1.011
2023-01-09,A+,19.0,normal,Monday,1.0123
2023-01-10,A+,,normal,Tuesday,1.0137
2023-01-11,A+,19.0,normal,Wednesday,1.015
2023-01-12,A+,20.0,normal,Thursday,1.0164
2023-01-13,A+,19.0,normal,Friday,1.0177
2023-01-14,A+,11.0,normal,Saturday,1.0191
2023-01-15,A+,13.0,high,Sunday,1.0204
2023-01-16,A+,20.0,normal,Monday,1.0217
2023-01-17,A+,17.0,normal,Tuesday,1.0231
2023-01-18,A+,23.0,high,Wednesday,1.0244
2023-01-19,A+,22.0,high,Thursday,1.0257
2023-01-20,A+,21.0,normal,Friday,1.027
2023-01-21,A+,12.0,normal,Saturday,1.0283
2023-01-22,A+,12.0,normal,Sunday,1.0296
2023-01-23,A+,19.0,normal,Monday,1.0308
2023-01-24,A+,23.0,high,Tuesday,1.0321
2023-01-25,A+,20.0,normal,Wednesday,1.0334
2023-01-26,A+,20.0,normal,Thursday,1.0346
2023-01-27,A+,23.0,high,Friday,1.0358
2023-01-28,A+,11.0,normal,Saturday,1.0371
2023-01-29,A+,11.0,normal,Sunday,1.0383
2023-01-30,A+,19.0,normal,Monday,1.0395
2023-01-31,A+,19.0,normal,Tuesday,1.0407
2023-02-01,A+,20.0,normal,Wednesday,1.0418
2023-02-02,A+,20.0,normal,Thursday,1.043
2023-02-03,A+,20.0,normal,Friday,1.0442
2023-02-04,A+,15.0,high,Saturday,1.0453
2023-02-05,A+,13.0,normal,Sunday,1.0464
2023-02-06,A+,18.0,normal,Monday,1.0476
2023-02-07,A+,14.0,low,Tuesday,1.0486
2023-02-08,A+,21.0,normal,Wednesday,1.0497
2023-02-09,A+,12.0,low,Thursday,1.0508
2023-02-10,A+,17.0,normal,Friday,1.0519
2023-02-11,A+,12.0,normal,Saturday,1.0529
2023-02-12,A+,16.0,high,Sunday,1.0539
2023-02-13,A+,20.0,normal,Monday,1.0549
2023-02-14,A+,20.0,normal,Tuesday,1.0559
2023-02-15,A+,20.0,normal,Wednesday,1.0569
2023-02-16,A+,23.0,high,Thursday,1.0579
2023-02-17,A+,19.0,normal,Friday,1.0588
2023-02-18,A+,7.0,low,Saturday,1.0597
2023-02-19,A+,14.0,normal,Sunday,1.0606
2023-02-20,A+,21.0,normal,Monday,1.0615
2023-02-21,A+,20.0,normal,Tuesday,1.0624
2023-02-22,A+,20.0,normal,Wednesday,1.0632
2023-02-23,A+,19.0,normal,Thursday,1.0641
2023-02-24,A+,20.0,normal,Friday,1.0649
2023-02-25,A+,8.0,low,Saturday,1.0657
2023-02-26,A+,12.0,normal,Sunday,1.0665
2023-02-27,A+,20.0,normal,Monday,1.0672
2023-02-28,A+,21.0,normal,Tuesday,1.068
2023-03-01,A+,20.0,normal,Wednesday,1.0687
2023-03-02,A+,20.0,normal,Thursday,1.0694
2023-03-03,A+,19.0,normal,Friday,1.07
2023-03-04,A+,8.0,low,Saturday,1.0707
2023-03-05,A+,12.0,normal,Sunday,1.0713
2023-03-06,A+,19.0,normal,Monday,1.0719
2023-03-07,A+,20.0,normal,Tuesday,1.0725
2023-03-08,A+,20.0,normal,Wednesday,1.0731
2023-03-09,A+,30.0,surge,Thursday,1.0737
2023-03-10,A+,15.0,low,Friday,1.0742
2023-03-11,A+,13.0,normal,Saturday,1.0747
2023-03-12,A+,12.0,normal,Sunday,1.0752
2023-03-13,A+,20.0,normal,Monday,1.0756
2023-03-14,A+,19.0,normal,Tuesday,1.0761
2023-03-15,A+,21.0,normal,Wednesday,1.0765
2023-03-16,A+,20.0,normal,Thursday,1.0769
2023-03-17,A+,19.0,normal,Friday,1.0772
2023-03-18,A+,8.0,low,Saturday,1.0776
2023-03-19,A+,13.0,normal,Sunday,1.0779
2023-03-20,A+,21.0,normal,Monday,1.0782
2023-03-21,A+,19.0,normal,Tuesday,1.0785
2023-03-22,A+,21.0,normal,Wednesday,1.0787
2023-03-23,A+,19.0,normal,Thursday,1.079
2023-03-24,A+,22.0,normal,Friday,1.0792
2023-03-25,A+,13.0,normal,Saturday,1.0794
2023-03-26,A+,12.0,normal,Sunday,1.0795
2023-03-27,A+,20.0,normal,Monday,1.0797
2023-03-28,A+,14.0,low,Tuesday,1.0798
2023-03-29,A+,21.0,normal,Wednesday,1.0799
2023-03-30,A+,19.0,normal,Thursday,1.0799
2023-03-31,A+,24.0,high,Friday,1.08
2023-04-01,A+,12.0,normal,Saturday,1.08
2023-04-02,A+,13.0,normal,Sunday,1.08
2023-04-03,A+,21.0,normal,Monday,1.08
2023-04-04,A+,26.0,high,Tuesday,1.0799
2023-04-05,A+,21.0,normal,Wednesday,1.0798
2023-04-06,A+,20.0,normal,Thursday,1.0797
2023-04-07,A+,20.0,normal,Friday,1.0796
2023-04-08,A+,13.0,normal,Saturday,1.0795
2023-04-09,A+,13.0,normal,Sunday,1.0793
2023-04-10,A+,20.0,normal,Monday,1.0791
2023-04-11,A+,21.0,normal,Tuesday,1.0789
2023-04-12,A+,24.0,high,Wednesday,1.0787
2023-04-13,A+,19.0,normal,Thursday,1.0784
2023-04-14,A+,20.0,normal,Friday,1.0781
2023-04-15,A+,12.0,normal,Saturday,1.0778
2023-04-16,A+,12.0,normal,Sunday,1.0775
2023-04-17,A+,21.0,normal,Monday,1.0771
2023-04-18,A+,20.0,normal,Tuesday,1.0767
2023-04-19,A+,15.0,low,Wednesday,1.0763
2023-04-20,A+,21.0,normal,Thursday,1.0759
2023-04-21,A+,22.0,normal,Friday,1.0755
2023-04-22,A+,12.0,normal,Saturday,1.075
2023-04-23,A+,16.0,high,Sunday,1.0745
2023-04-24,A+,20.0,normal,Monday,1.074
2023-04-25,A+,21.0,normal,Tuesday,1.0734
2023-04-26,A+,14.0,low,Wednesday,1.0729
2023-04-27,A+,20.0,normal,Thursday,1.0723
2023-04-28,A+,20.0,normal,Friday,1.0717
2023-04-29,A+,13.0,normal,Saturday,1.0711
2023-04-30,A+,18.0,surge,Sunday,1.0705
2023-05-01,A+,19.0,normal,Monday,1.0698
2023-05-02,A+,20.0,normal,Tuesday,1.0691
2023-05-03,A+,20.0,normal,Wednesday,1.0684
2023-05-04,A+,31.0,surge,Thursday,1.0677
2023-05-05,A+,14.0,low,Friday,1.0669
2023-05-06,A+,12.0,normal,Saturday,1.0662
2023-05-07,A+,12.0,normal,Sunday,1.0654
2023-05-08,A+,20.0,normal,Monday,1.0646
2023-05-09,A+,20.0,normal,Tuesday,1.0638
2023-05-10,A+,22.0,normal,Wednesday,1.0629
2023-05-11,A+,14.0,low,Thursday,1.0621
2023-05-12,A+,20.0,normal,Friday,1.0612
2023-05-13,A+,10.0,normal,Saturday,1.0603
2023-05-14,A+,14.0,normal,Sunday,1.0594
2023-05-15,A+,20.0,normal,Monday,1.0585
2023-05-16,A+,20.0,normal,Tuesday,1.0575
2023-05-17,A+,18.0,normal,Wednesday,1.0565
2023-05-18,A+,14.0,low,Thursday,1.0556
2023-05-19,A+,14.0,low,Friday,1.0546
2023-05-20,A+,14.0,high,Saturday,1.0535
2023-05-21,A+,14.0,high,Sunday,1.0525
2023-05-22,A+,23.0,high,Monday,1.0515
2023-05-23,A+,26.0,high,Tuesday,1.0504
2023-05-24,A+,20.0,normal,Wednesday,1.0493
2023-05-25,A+,19.0,normal,Thursday,1.0482
2023-05-26,A+,20.0,normal,Friday,1.0471
2023-05-27,A+,12.0,normal,Saturday,1.046
2023-05-28,A+,11.0,normal,Sunday,1.0449
2023-05-29,A+,21.0,normal,Monday,1.0437
2023-05-30,A+,20.0,normal,Tuesday,1.0426
2023-05-31,A+,24.0,high,Wednesday,1.0414
2023-06-01,A+,21.0,normal,Thursday,1.0402
2023-06-02,A+,18.0,normal,Friday,1.039
2023-06-03,A+,14.0,high,Saturday,1.0378
2023-06-04,A+,12.0,normal,Sunday,1.0366
2023-06-05,A+,20.0,normal,Monday,1.0354
2023-06-06,A+,19.0,normal,Tuesday,1.0341
2023-06-07,A+,19.0,normal,Wednesday,1.0329
2023-06-08,A+,20.0,normal,Thursday,1.0316
2023-06-09,A+,21.0,normal,Friday,1.0304
2023-06-10,A+,12.0,normal,Saturday,1.0291
2023-06-11,A+,11.0,normal,Sunday,1.0278
2023-06-12,A+,18.0,normal,Monday,1.0265
2023-06-13,A+,23.0,high,Tuesday,1.0252
2023-06-14,A+,20.0,normal,Wednesday,1.0239
2023-06-15,A+,22.0,normal,Thursday,1.0226
2023-06-16,A+,19.0,normal,Friday,1.0212
2023-06-17,A+,12.0,normal,Saturday,1.0199
2023-06-18,A+,13.0,normal,Sunday,1.0186
2023-06-19,A+,19.0,normal,Monday,1.0172
2023-06-20,A+,19.0,normal,Tuesday,1.0159
2023-06-21,A+,25.0,high,Wednesday,1.0145
2023-06-22,A+,19.0,normal,Thursday,1.0132
2023-06-23,A+,18.0,normal,Friday,1.0118
2023-06-24,A+,9.0,low,Saturday,1.0105
2023-06-25,A+,10.0,normal,Sunday,1.0091
2023-06-26,A+,24.0,high,Monday,1.0077
2023-06-27,A+,19.0,normal,Tuesday,1.0064
2023-06-28,A+,19.0,normal,Wednesday,1.005
2023-06-29,A+,19.0,normal,Thursday,1.0036
2023-06-30,A+,13.0,low,Friday,1.0022
2023-07-01,A+,11.0,normal,Saturday,1.0009
2023-07-02,A+,12.0,normal,Sunday,0.9995
2023-07-03,A+,18.0,normal,Monday,0.9981
2023-07-04,A+,17.0,normal,Tuesday,0.9967
2023-07-05,A+,19.0,normal,Wednesday,0.9954
2023-07-06,A+,14.0,low,Thursday,0.994
2023-07-07,A+,17.0,normal,Friday,0.9926
2023-07-08,A+,11.0,normal,Saturday,0.9912
2023-07-09,A+,8.0,low,Sunday,0.9899
2023-07-10,A+,20.0,normal,Monday,0.9885
2023-07-11,A+,18.0,normal,Tuesday,0.9872
2023-07-12,A+,19.0,normal,Wednesday,0.9858
2023-07-13,A+,19.0,normal,Thursday,0.9844
2023-07-14,A+,19.0,normal,Friday,0.9831
2023-07-15,A+,9.0,low,Saturday,0.9818
2023-07-16,A+,11.0,normal,Sunday,0.9804
2023-07-17,A+,19.0,normal,Monday,0.9791
2023-07-18,A+,19.0,normal,Tuesday,0.9778
2023-07-19,A+,19.0,normal,Wednesday,0.9764
2023-07-20,A+,18.0,normal,Thursday,0.9751
2023-07-21,A+,18.0,normal,Friday,0.9738
2023-07-22,A+,11.0,normal,Saturday,0.9725
2023-07-23,A+,10.0,normal,Sunday,0.9712
2023-07-24,A+,16.0,normal,Monday,0.97
2023-07-25,A+,27.0,surge,Tuesday,0.9687
2023-07-26,A+,23.0,high,Wednesday,0.9674
2023-07-27,A+,18.0,normal,Thursday,0.9662
2023-07-28,A+,23.0,high,Friday,0.9649
2023-07-29,A+,17.0,surge,Saturday,0.9637
2023-07-30,A+,14.0,high,Sunday,0.9625
2023-07-31,A+,17.0,normal,Monday,0.9613
2023-08-01,A+,21.0,high,Tuesday,0.9601
2023-08-02,A+,19.0,normal,Wednesday,0.9589
2023-08-03,A+,22.0,high,Thursday,0.9577
2023-08-04,A+,19.0,normal,Friday,0.9566
2023-08-05,A+,11.0,normal,Saturday,0.9554
2023-08-06,A+,10.0,normal,Sunday,0.9543
2023-08-07,A+,12.0,low,Monday,0.9531
2023-08-08,A+,16.0,normal,Tuesday,0.952
2023-08-09,A+,20.0,normal,Wednesday,0.9509
2023-08-10,A+,20.0,high,Thursday,0.9499
2023-08-11,A+,19.0,normal,Friday,0.9488
2023-08-12,A+,11.0,normal,Saturday,0.9477
2023-08-13,A+,11.0,normal,Sunday,0.9467
2023-08-14,A+,18.0,normal,Monday,0.9457
2023-08-15,A+,22.0,high,Tuesday,0.9447
2023-08-16,A+,17.0,normal,Wednesday,0.9437
2023-08-17,A+,20.0,high,Thursday,0.9427
2023-08-18,A+,17.0,normal,Friday,0.9418
2023-08-19,A+,14.0,high,Saturday,0.9408
2023-08-20,A+,7.0,low,Sunday,0.9399
2023-08-21,A+,13.0,low,Monday,0.939
2023-08-22,A+,12.0,low,Tuesday,0.9381
2023-08-23,A+,26.0,surge,Wednesday,0.9373
2023-08-24,A+,13.0,low,Thursday,0.9364
2023-08-25,A+,13.0,low,Friday,0.9356
2023-08-26,A+,14.0,high,Saturday,0.9348
2023-08-27,A+,8.0,normal,Sunday,0.934
2023-08-28,A+,15.0,normal,Monday,0.9333
2023-08-29,A+,22.0,high,Tuesday,0.9325
2023-08-30,A+,20.0,high,Wednesday,0.9318
2023-08-31,A+,19.0,normal,Thursday,0.9311
2023-09-01,A+,19.0,normal,Friday,0.9304
2023-09-02,A+,6.0,low,Saturday,0.9297
2023-09-03,A+,10.0,normal,Sunday,0.9291
2023-09-04,A+,18.0,normal,Monday,0.9284
2023-09-05,A+,12.0,low,Tuesday,0.9278
2023-09-06,A+,19.0,normal,Wednesday,0.9272
2023-09-07,A+,19.0,normal,Thursday,0.9267
2023-09-08,A+,16.0,normal,Friday,0.9261
2023-09-09,A+,7.0,low,Saturday,0.9256
2023-09-10,A+,11.0,normal,Sunday,0.9251
2023-09-11,A+,19.0,high,Monday,0.9247
2023-09-12,A+,16.0,normal,Tuesday,0.9242
2023-09-13,A+,20.0,high,Wednesday,0.9238
2023-09-14,A+,19.0,normal,Thursday,0.9234
2023-09-15,A+,18.0,normal,Friday,0.923
2023-09-16,A+,10.0,normal,Saturday,0.9226
2023-09-17,A+,10.0,normal,Sunday,0.9223
2023-09-18,A+,16.0,normal,Monday,0.922
2023-09-19,A+,17.0,normal,Tuesday,0.9217
2023-09-20,A+,21.0,high,Wednesday,0.9214
2023-09-21,A+,17.0,normal,Thursday,0.9212
2023-09-22,A+,18.0,normal,Friday,0.9209
2023-09-23,A+,11.0,normal,Saturday,0.9207
2023-09-24,A+,11.0,normal,Sunday,0.9206
2023-09-25,A+,27.0,surge,Monday,0.9204
2023-09-26,A+,19.0,normal,Tuesday,0.9203
2023-09-27,A+,22.0,high,Wednesday,0.9202
2023-09-28,A+,18.0,normal,Thursday,0.9201
2023-09-29,A+,18.0,normal,Friday,0.92
2023-09-30,A+,10.0,normal,Saturday,0.92
2023-10-01,A+,10.0,normal,Sunday,0.92
2023-10-02,A+,17.0,normal,Monday,0.92
2023-10-03,A+,17.0,normal,Tuesday,0.9201
2023-10-04,A+,16.0,normal,Wednesday,0.9201
2023-10-05,A+,27.0,surge,Thursday,0.9202
2023-10-06,A+,18.0,normal,Friday,0.9203
2023-10-07,A+,11.0,normal,Saturday,0.9204
2023-10-08,A+,7.0,low,Sunday,0.9206
2023-10-09,A+,23.0,high,Monday,0.9208
2023-10-10,A+,17.0,normal,Tuesday,0.921
2023-10-11,A+,18.0,normal,Wednesday,0.9212
2023-10-12,A+,28.0,surge,Thursday,0.9214
2023-10-13,A+,16.0,normal,Friday,0.9217
2023-10-14,A+,11.0,normal,Saturday,0.922
2023-10-15,A+,12.0,normal,Sunday,0.9223
2023-10-16,A+,12.0,low,Monday,0.9227
2023-10-17,A+,18.0,normal,Tuesday,0.923
2023-10-18,A+,17.0,normal,Wednesday,0.9234
2023-10-19,A+,18.0,normal,Thursday,0.9238
2023-10-20,A+,17.0,normal,Friday,0.9243
2023-10-21,A+,11.0,normal,Saturday,0.9247
2023-10-22,A+,9.0,normal,Sunday,0.9252
2023-10-23,A+,15.0,normal,Monday,0.9257
2023-10-24,A+,12.0,low,Tuesday,0.9262
2023-10-25,A+,17.0,normal,Wednesday,0.9268
2023-10-26,A+,17.0,normal,Thursday,0.9273
2023-10-27,A+,18.0,normal,Friday,0.9279
2023-10-28,A+,12.0,normal,Saturday,0.9285
2023-10-29,A+,11.0,normal,Sunday,0.9291
2023-10-30,A+,18.0,normal,Monday,0.9298
2023-10-31,A+,17.0,normal,Tuesday,0.9305
2023-11-01,A+,17.0,normal,Wednesday,0.9312
2023-11-02,A+,18.0,normal,Thursday,0.9319
2023-11-03,A+,26.0,surge,Friday,0.9326
2023-11-04,A+,12.0,high,Saturday,0.9333
2023-11-05,A+,13.0,normal,Sunday,0.9341
2023-11-06,A+,18.0,normal,Monday,0.9349
2023-11-07,A+,17.0,normal,Tuesday,0.9357
2023-11-08,A+,17.0,normal,Wednesday,0.9365
2023-11-09,A+,16.0,normal,Thursday,0.9374
2023-11-10,A+,18.0,normal,Friday,0.9383
2023-11-11,A+,13.0,high,Saturday,0.9391
2023-11-12,A+,18.0,surge,Sunday,0.94
2023-11-13,A+,18.0,normal,Monday,0.941
2023-11-14,A+,21.0,high,Tuesday,0.9419
2023-11-15,A+,16.0,normal,Wednesday,0.9429
2023-11-16,A+,18.0,normal,Thursday,0.9438
2023-11-17,A+,18.0,normal,Friday,0.9448
2023-11-18,A+,9.0,normal,Saturday,0.9458
2023-11-19,A+,17.0,surge,Sunday,0.9468
2023-11-20,A+,17.0,normal,Monday,0.9479
2023-11-21,A+,13.0,low,Tuesday,0.9489
2023-11-22,A+,18.0,normal,Wednesday,0.95
2023-11-23,A+,17.0,normal,Thursday,0.9511
2023-11-24,A+,18.0,normal,Friday,0.9522
2023-11-25,A+,11.0,normal,Saturday,0.9533
2023-11-26,A+,11.0,normal,Sunday,0.9544
2023-11-27,A+,13.0,low,Monday,0.9555
2023-11-28,A+,11.0,low,Tuesday,0.9567
2023-11-29,A+,22.0,high,Wednesday,0.9579
2023-11-30,A+,27.0,surge,Thursday,0.959
2023-12-01,A+,18.0,normal,Friday,0.9602
2023-12-02,A+,12.0,normal,Saturday,0.9614
2023-12-03,A+,10.0,normal,Sunday,0.9626
2023-12-04,A+,23.0,high,Monday,0.9639
2023-12-05,A+,19.0,normal,Tuesday,0.9651
2023-12-06,A+,19.0,normal,Wednesday,0.9663
2023-12-07,A+,18.0,normal,Thursday,0.9676
2023-12-08,A+,18.0,normal,Friday,0.9688
2023-12-09,A+,12.0,normal,Saturday,0.9701
2023-12-10,A+,10.0,normal,Sunday,0.9714
2023-12-11,A+,22.0,high,Monday,0.9727
2023-12-12,A+,20.0,normal,Tuesday,0.974
2023-12-13,A+,19.0,normal,Wednesday,0.9753
2023-12-14,A+,13.0,low,Thursday,0.9766
2023-12-15,A+,13.0,low,Friday,0.9779
2023-12-16,A+,13.0,high,Saturday,0.9793
2023-12-17,A+,14.0,high,Sunday,0.9806
2023-12-18,A+,19.0,normal,Monday,0.9819
2023-12-19,A+,13.0,low,Tuesday,0.9833
2023-12-20,A+,21.0,normal,Wednesday,0.9846
2023-12-21,A+,22.0,high,Thursday,0.986
2023-12-22,A+,18.0,normal,Friday,0.9873
2023-12-23,A+,11.0,normal,Saturday,0.9887
2023-12-24,A+,11.0,normal,Sunday,0.99
2023-12-25,A+,12.0,low,Monday,0.9914
2023-12-26,A+,19.0,normal,Tuesday,0.9928
2023-12-27,A+,19.0,normal,Wednesday,0.9942
2023-12-28,A+,19.0,normal,Thursday,0.9955
2023-12-29,A+,22.0,high,Friday,0.9969
2023-12-30,A+,13.0,normal,Saturday,0.9983
2023-12-31,A+,15.0,high,Sunday,0.9997
2024-01-01,A+,16.0,low,Monday,1.0014
2024-01-02,A+,18.0,normal,Tuesday,1.0028
2024-01-03,A+,18.0,normal,Wednesday,1.0041
2024-01-04,A+,19.0,normal,Thursday,1.0055
2024-01-05,A+,19.0,normal,Friday,1.0069
2024-01-06,A+,15.0,high,Saturday,1.0082
2024-01-07,A+,12.0,normal,Sunday,1.0096
2024-01-08,A+,21.0,normal,Monday,1.011
2024-01-09,A+,12.0,low,Tuesday,1.0123
2024-01-10,A+,18.0,normal,Wednesday,1.0137
2024-01-11,A+,19.0,normal,Thursday,1.015
2024-01-12,A+,21.0,normal,Friday,1.0164
2024-01-13,A+,15.0,high,Saturday,1.0177
2024-01-14,A+,11.0,normal,Sunday,1.0191
2024-01-15,A+,19.0,normal,Monday,1.0204
2024-01-16,A+,19.0,normal,Tuesday,1.0217
2024-01-17,A+,19.0,normal,Wednesday,1.0231
2024-01-18,A+,19.0,normal,Thursday,1.0244
2024-01-19,A+,19.0,normal,Friday,1.0257
2024-01-20,A+,13.0,normal,Saturday,1.027
2024-01-21,A+,11.0,normal,Sunday,1.0283
2024-01-22,A+,20.0,normal,Monday,1.0296
2024-01-23,A+,14.0,low,Tuesday,1.0308
2024-01-24,A+,25.0,high,Wednesday,1.0321
2024-01-25,A+,23.0,high,Thursday,1.0334
2024-01-26,A+,20.0,normal,Friday,1.0346
2024-01-27,A+,11.0,normal,Saturday,1.0358
2024-01-28,A+,12.0,normal,Sunday,1.0371
2024-01-29,A+,20.0,normal,Monday,1.0383
2024-01-30,A+,29.0,surge,Tuesday,1.0395
2024-01-31,A+,20.0,normal,Wednesday,1.0407
2024-02-01,A+,22.0,normal,Thursday,1.0418
2024-02-02,A+,20.0,normal,Friday,1.043
2024-02-03,A+,11.0,normal,Saturday,1.0442
2024-02-04,A+,14.0,high,Sunday,1.0453
2024-02-05,A+,20.0,normal,Monday,1.0464
2024-02-06,A+,19.0,normal,Tuesday,1.0476
2024-02-07,A+,21.0,normal,Wednesday,1.0486
2024-02-08,A+,19.0,normal,Thursday,1.0497
2024-02-09,A+,31.0,surge,Friday,1.0508
2024-02-10,A+,13.0,high,Saturday,1.0519
2024-02-11,A+,12.0,normal,Sunday,1.0529
2024-02-12,A+,19.0,normal,Monday,1.0539
2024-02-13,A+,21.0,normal,Tuesday,1.0549
2024-02-14,A+,21.0,normal,Wednesday,1.0559
2024-02-15,A+,20.0,normal,Thursday,1.0569
2024-02-16,A+,21.0,normal,Friday,1.0579
2024-02-17,A+,13.0,high,Saturday,1.0588
2024-02-18,A+,12.0,normal,Sunday,1.0597
2024-02-19,A+,20.0,normal,Monday,1.0606
2024-02-20,A+,21.0,normal,Tuesday,1.0615
2024-02-21,A+,18.0,normal,Wednesday,1.0624
2024-02-22,A+,25.0,high,Thursday,1.0632
2024-02-23,A+,25.0,high,Friday,1.0641
2024-02-24,A+,9.0,low,Saturday,1.0649
2024-02-25,A+,11.0,normal,Sunday,1.0657
2024-02-26,A+,20.0,normal,Monday,1.0665
2024-02-27,A+,21.0,normal,Tuesday,1.0672
2024-02-28,A+,26.0,high,Wednesday,1.068
2024-02-29,A+,21.0,normal,Thursday,1.0687
2024-03-01,A+,21.0,normal,Friday,1.0694
2024-03-02,A+,16.0,high,Saturday,1.07
2024-03-03,A+,15.0,high,Sunday,1.0707
2024-03-04,A+,21.0,normal,Monday,1.0713
2024-03-05,A+,26.0,high,Tuesday,1.0719
2024-03-06,A+,23.0,normal,Wednesday,1.0725
2024-03-07,A+,31.0,surge,Thursday,1.0731
2024-03-08,A+,20.0,normal,Friday,1.0737
2024-03-09,A+,10.0,normal,Saturday,1.0742
2024-03-10,A+,13.0,normal,Sunday,1.0747
2024-03-11,A+,22.0,normal,Monday,1.0752
2024-03-12,A+,26.0,high,Tuesday,1.0756
2024-03-13,A+,26.0,high,Wednesday,1.0761
2024-03-14,A+,22.0,normal,Thursday,1.0765
2024-03-15,A+,21.0,normal,Friday,1.0769
2024-03-16,A+,12.0,normal,Saturday,1.0772
2024-03-17,A+,14.0,normal,Sunday,1.0776
2024-03-18,A+,21.0,normal,Monday,1.0779
2024-03-19,A+,21.0,normal,Tuesday,1.0782
2024-03-20,A+,23.0,high,Wednesday,1.0785
2024-03-21,A+,18.0,normal,Thursday,1.0787
2024-03-22,A+,21.0,normal,Friday,1.079
2024-03-23,A+,12.0,normal,Saturday,1.0792
2024-03-24,A+,20.0,surge,Sunday,1.0794
2024-03-25,A+,20.0,normal,Monday,1.0795
2024-03-26,A+,27.0,high,Tuesday,1.0797
2024-03-27,A+,26.0,high,Wednesday,1.0798
2024-03-28,A+,22.0,normal,Thursday,1.0799
2024-03-29,A+,30.0,surge,Friday,1.0799
2024-03-30,A+,9.0,low,Saturday,1.08
2024-03-31,A+,12.0,normal,Sunday,1.08
2024-04-01,A+,22.0,normal,Monday,1.08
2024-04-02,A+,21.0,normal,Tuesday,1.08
2024-04-03,A+,20.0,normal,Wednesday,1.0799
2024-04-04,A+,19.0,normal,Thursday,1.0798
2024-04-05,A+,21.0,normal,Friday,1.0797
2024-04-06,A+,10.0,low,Saturday,1.0796
2024-04-07,A+,10.0,low,Sunday,1.0795
2024-04-08,A+,20.0,normal,Monday,1.0793
2024-04-09,A+,27.0,high,Tuesday,1.0791
2024-04-10,A+,21.0,normal,Wednesday,1.0789
2024-04-11,A+,13.0,low,Thursday,1.0787
2024-04-12,A+,19.0,normal,Friday,1.0784
2024-04-13,A+,15.0,high,Saturday,1.0781
2024-04-14,A+,12.0,normal,Sunday,1.0778
2024-04-15,A+,21.0,normal,Monday,1.0775
2024-04-16,A+,20.0,normal,Tuesday,1.0771
2024-04-17,A+,20.0,normal,Wednesday,1.0767
2024-04-18,A+,19.0,normal,Thursday,1.0763
2024-04-19,A+,15.0,low,Friday,1.0759
2024-04-20,A+,11.0,normal,Saturday,1.0755
2024-04-21,A+,13.0,normal,Sunday,1.075
2024-04-22,A+,23.0,high,Monday,1.0745
2024-04-23,A+,19.0,normal,Tuesday,1.074
2024-04-24,A+,19.0,normal,Wednesday,1.0734
2024-04-25,A+,20.0,normal,Thursday,1.0729
2024-04-26,A+,20.0,normal,Friday,1.0723
2024-04-27,A+,12.0,normal,Saturday,1.0717
2024-04-28,A+,13.0,normal,Sunday,1.0711
2024-04-29,A+,24.0,high,Monday,1.0705
2024-04-30,A+,20.0,normal,Tuesday,1.0698
2024-05-01,A+,18.0,normal,Wednesday,1.0691
2024-05-02,A+,19.0,normal,Thursday,1.0684
2024-05-03,A+,19.0,normal,Friday,1.0677
2024-05-04,A+,13.0,normal,Saturday,1.0669
2024-05-05,A+,12.0,normal,Sunday,1.0662
2024-05-06,A+,21.0,normal,Monday,1.0654
2024-05-07,A+,18.0,normal,Tuesday,1.0646
2024-05-08,A+,26.0,high,Wednesday,1.0638
2024-05-09,A+,20.0,normal,Thursday,1.0629
2024-05-10,A+,16.0,low,Friday,1.0621
2024-05-11,A+,12.0,normal,Saturday,1.0612
2024-05-12,A+,11.0,normal,Sunday,1.0603
2024-05-13,A+,,normal,Monday,1.0594
2024-05-14,A+,20.0,normal,Tuesday,1.0585
2024-05-15,A+,19.0,normal,Wednesday,1.0575
2024-05-16,A+,15.0,low,Thursday,1.0565
2024-05-17,A+,20.0,normal,Friday,1.0556
2024-05-18,A+,11.0,normal,Saturday,1.0546
2024-05-19,A+,13.0,normal,Sunday,1.0535
2024-05-20,A+,20.0,normal,Monday,1.0525
2024-05-21,A+,21.0,normal,Tuesday,1.0515
2024-05-22,A+,24.0,high,Wednesday,1.0504
2024-05-23,A+,14.0,low,Thursday,1.0493
2024-05-24,A+,19.0,normal,Friday,1.0482
2024-05-25,A+,13.0,normal,Saturday,1.0471
2024-05-26,A+,13.0,high,Sunday,1.046
2024-05-27,A+,19.0,normal,Monday,1.0449
2024-05-28,A+,20.0,normal,Tuesday,1.0437
2024-05-29,A+,19.0,normal,Wednesday,1.0426
2024-05-30,A+,19.0,normal,Thursday,1.0414
2024-05-31,A+,20.0,normal,Friday,1.0402
2024-06-01,A+,14.0,high,Saturday,1.039
2024-06-02,A+,12.0,normal,Sunday,1.0378
2024-06-03,A+,19.0,normal,Monday,1.0366
2024-06-04,A+,18.0,normal,Tuesday,1.0354
2024-06-05,A+,31.0,surge,Wednesday,1.0341
2024-06-06,A+,21.0,normal,Thursday,1.0329
2024-06-07,A+,20.0,normal,Friday,1.0316
2024-06-08,A+,12.0,normal,Saturday,1.0304
2024-06-09,A+,12.0,normal,Sunday,1.0291
2024-06-10,A+,21.0,normal,Monday,1.0278
2024-06-11,A+,20.0,normal,Tuesday,1.0265
2024-06-12,A+,24.0,high,Wednesday,1.0252
2024-06-13,A+,20.0,normal,Thursday,1.0239
2024-06-14,A+,20.0,normal,Friday,1.0226
2024-06-15,A+,8.0,low,Saturday,1.0212
2024-06-16,A+,11.0,normal,Sunday,1.0199
2024-06-17,A+,20.0,normal,Monday,1.0186
2024-06-18,A+,31.0,surge,Tuesday,1.0172
2024-06-19,A+,20.0,normal,Wednesday,1.0159
2024-06-20,A+,21.0,normal,Thursday,1.0145
2024-06-21,A+,20.0,normal,Friday,1.0132
2024-06-22,A+,14.0,high,Saturday,1.0118
2024-06-23,A+,8.0,low,Sunday,1.0105
2024-06-24,A+,19.0,normal,Monday,1.0091
2024-06-25,A+,19.0,normal,Tuesday,1.0077
2024-06-26,A+,19.0,normal,Wednesday,1.0064
2024-06-27,A+,19.0,normal,Thursday,1.005
2024-06-28,A+,19.0,normal,Friday,1.0036
2024-06-29,A+,13.0,normal,Saturday,1.0022
2024-06-30,A+,11.0,normal,Sunday,1.0009
2024-07-01,A+,24.0,high,Monday,0.9995
2024-07-02,A+,20.0,normal,Tuesday,0.9981
2024-07-03,A+,19.0,normal,Wednesday,0.9967
2024-07-04,A+,23.0,high,Thursday,0.9954
2024-07-05,A+,18.0,normal,Friday,0.994
2024-07-06,A+,10.0,normal,Saturday,0.9926
2024-07-07,A+,9.0,low,Sunday,0.9912
2024-07-08,A+,19.0,normal,Monday,0.9899
2024-07-09,A+,19.0,normal,Tuesday,0.9885
2024-07-10,A+,22.0,high,Wednesday,0.9872
2024-07-11,A+,20.0,normal,Thursday,0.9858
2024-07-12,A+,19.0,normal,Friday,0.9844
2024-07-13,A+,11.0,normal,Saturday,0.9831
2024-07-14,A+,9.0,normal,Sunday,0.9818
2024-07-15,A+,18.0,normal,Monday,0.9804
2024-07-16,A+,19.0,normal,Tuesday,0.9791
2024-07-17,A+,20.0,normal,Wednesday,0.9778
2024-07-18,A+,13.0,low,Thursday,0.9764
2024-07-19,A+,14.0,low,Friday,0.9751
2024-07-20,A+,10.0,normal,Saturday,0.9738
2024-07-21,A+,12.0,normal,Sunday,0.9725
2024-07-22,A+,19.0,normal,Monday,0.9712
2024-07-23,A+,19.0,normal,Tuesday,0.97
2024-07-24,A+,18.0,normal,Wednesday,0.9687
2024-07-25,A+,19.0,normal,Thursday,0.9674
2024-07-26,A+,17.0,normal,Friday,0.9662
2024-07-27,A+,12.0,normal,Saturday,0.9649
2024-07-28,A+,12.0,normal,Sunday,0.9637
2024-07-29,A+,18.0,normal,Monday,0.9625
2024-07-30,A+,19.0,normal,Tuesday,0.9613
2024-07-31,A+,19.0,normal,Wednesday,0.9601
2024-08-01,A+,19.0,normal,Thursday,0.9589
2024-08-02,A+,20.0,normal,Friday,0.9577
2024-08-03,A+,12.0,normal,Saturday,0.9566
2024-08-04,A+,7.0,low,Sunday,0.9554
2024-08-05,A+,18.0,normal,Monday,0.9543
2024-08-06,A+,19.0,normal,Tuesday,0.9531
2024-08-07,A+,19.0,normal,Wednesday,0.952
2024-08-08,A+,18.0,normal,Thursday,0.9509
2024-08-09,A+,17.0,normal,Friday,0.9499
2024-08-10,A+,13.0,high,Saturday,0.9488
2024-08-11,A+,10.0,normal,Sunday,0.9477
2024-08-12,A+,19.0,normal,Monday,0.9467
2024-08-13,A+,18.0,normal,Tuesday,0.9457
2024-08-14,A+,17.0,normal,Wednesday,0.9447
2024-08-15,A+,19.0,normal,Thursday,0.9437
2024-08-16,A+,19.0,normal,Friday,0.9427
2024-08-17,A+,10.0,normal,Saturday,0.9418
2024-08-18,A+,11.0,normal,Sunday,0.9408
2024-08-19,A+,18.0,normal,Monday,0.9399
2024-08-20,A+,19.0,normal,Tuesday,0.939
2024-08-21,A+,18.0,normal,Wednesday,0.9381
2024-08-22,A+,17.0,normal,Thursday,0.9373
2024-08-23,A+,12.0,low,Friday,0.9364
2024-08-24,A+,18.0,surge,Saturday,0.9356
2024-08-25,A+,11.0,normal,Sunday,0.9348
2024-08-26,A+,17.0,normal,Monday,0.934
2024-08-27,A+,18.0,normal,Tuesday,0.9333
2024-08-28,A+,17.0,normal,Wednesday,0.9325
2024-08-29,A+,17.0,normal,Thursday,0.9318
2024-08-30,A+,17.0,normal,Friday,0.9311
2024-08-31,A+,13.0,normal,Saturday,0.9304
2024-09-01,A+,9.0,normal,Sunday,0.9297
2024-09-02,A+,17.0,normal,Monday,0.9291
2024-09-03,A+,27.0,surge,Tuesday,0.9284
2024-09-04,A+,17.0,normal,Wednesday,0.9278
2024-09-05,A+,18.0,normal,Thursday,0.9272
2024-09-06,A+,21.0,high,Friday,0.9267
2024-09-07,A+,9.0,normal,Saturday,0.9261
2024-09-08,A+,11.0,normal,Sunday,0.9256
2024-09-09,A+,27.0,surge,Monday,0.9251
2024-09-10,A+,17.0,normal,Tuesday,0.9247
2024-09-11,A+,19.0,normal,Wednesday,0.9242
2024-09-12,A+,18.0,normal,Thursday,0.9238
2024-09-13,A+,18.0,normal,Friday,0.9234
2024-09-14,A+,13.0,high,Saturday,0.923
2024-09-15,A+,13.0,high,Sunday,0.9226
2024-09-16,A+,17.0,normal,Monday,0.9223
2024-09-17,A+,17.0,normal,Tuesday,0.922
2024-09-18,A+,18.0,normal,Wednesday,0.9217
2024-09-19,A+,17.0,normal,Thursday,0.9214
2024-09-20,A+,16.0,normal,Friday,0.9212
2024-09-21,A+,10.0,normal,Saturday,0.9209
2024-09-22,A+,10.0,normal,Sunday,0.9207
2024-09-23,A+,18.0,normal,Monday,0.9206
2024-09-24,A+,18.0,normal,Tuesday,0.9204
2024-09-25,A+,20.0,high,Wednesday,0.9203
2024-09-26,A+,20.0,high,Thursday,0.9202
2024-09-27,A+,18.0,normal,Friday,0.9201
2024-09-28,A+,10.0,normal,Saturday,0.92
2024-09-29,A+,10.0,high,Sunday,0.92
2024-09-30,A+,17.0,normal,Monday,0.92
2024-10-01,A+,18.0,normal,Tuesday,0.92
2024-10-02,A+,16.0,normal,Wednesday,0.9201
2024-10-03,A+,17.0,normal,Thursday,0.9201
2024-10-04,A+,21.0,high,Friday,0.9202
2024-10-05,A+,10.0,normal,Saturday,0.9203
2024-10-06,A+,12.0,normal,Sunday,0.9204
2024-10-07,A+,18.0,normal,Monday,0.9206
2024-10-08,A+,12.0,low,Tuesday,0.9208
2024-10-09,A+,17.0,normal,Wednesday,0.921
2024-10-10,A+,16.0,normal,Thursday,0.9212
2024-10-11,A+,16.0,normal,Friday,0.9214
2024-10-12,A+,10.0,normal,Saturday,0.9217
2024-10-13,A+,10.0,normal,Sunday,0.922
2024-10-14,A+,12.0,low,Monday,0.9223
2024-10-15,A+,23.0,high,Tuesday,0.9227
2024-10-16,A+,22.0,high,Wednesday,0.923
2024-10-17,A+,16.0,normal,Thursday,0.9234
2024-10-18,A+,18.0,normal,Friday,0.9238
2024-10-19,A+,13.0,high,Saturday,0.9243
2024-10-20,A+,17.0,surge,Sunday,0.9247
2024-10-21,A+,17.0,normal,Monday,0.9252
2024-10-22,A+,18.0,normal,Tuesday,0.9257
2024-10-23,A+,11.0,low,Wednesday,0.9262
2024-10-24,A+,18.0,normal,Thursday,0.9268
2024-10-25,A+,13.0,low,Friday,0.9273
2024-10-26,A+,9.0,normal,Saturday,0.9279
2024-10-27,A+,11.0,normal,Sunday,0.9285
2024-10-28,A+,17.0,normal,Monday,0.9291
2024-10-29,A+,19.0,normal,Tuesday,0.9298
2024-10-30,A+,18.0,normal,Wednesday,0.9305
2024-10-31,A+,18.0,normal,Thursday,0.9312
2024-11-01,A+,17.0,normal,Friday,0.9319
2024-11-02,A+,15.0,high,Saturday,0.9326
2024-11-03,A+,10.0,normal,Sunday,0.9333
2024-11-04,A+,17.0,normal,Monday,0.9341
2024-11-05,A+,17.0,normal,Tuesday,0.9349
2024-11-06,A+,23.0,high,Wednesday,0.9357
2024-11-07,A+,18.0,normal,Thursday,0.9365
2024-11-08,A+,18.0,normal,Friday,0.9374
2024-11-09,A+,10.0,normal,Saturday,0.9383
2024-11-10,A+,7.0,low,Sunday,0.9391
2024-11-11,A+,17.0,normal,Monday,0.94
2024-11-12,A+,18.0,normal,Tuesday,0.941
2024-11-13,A+,18.0,normal,Wednesday,0.9419
2024-11-14,A+,17.0,normal,Thursday,0.9429
2024-11-15,A+,19.0,normal,Friday,0.9438
2024-11-16,A+,7.0,low,Saturday,0.9448
2024-11-17,A+,11.0,normal,Sunday,0.9458
2024-11-18,A+,26.0,surge,Monday,0.9468
2024-11-19,A+,17.0,normal,Tuesday,0.9479
2024-11-20,A+,18.0,normal,Wednesday,0.9489
2024-11-21,A+,27.0,surge,Thursday,0.95
2024-11-22,A+,21.0,high,Friday,0.9511
2024-11-23,A+,12.0,normal,Saturday,0.9522
2024-11-24,A+,12.0,normal,Sunday,0.9533
2024-11-25,A+,13.0,low,Monday,0.9544
2024-11-26,A+,21.0,high,Tuesday,0.9555
2024-11-27,A+,13.0,low,Wednesday,0.9567
2024-11-28,A+,20.0,normal,Thursday,0.9579
2024-11-29,A+,24.0,high,Friday,0.959
2024-11-30,A+,12.0,normal,Saturday,0.9602
2024-12-01,A+,10.0,normal,Sunday,0.9614
2024-12-02,A+,13.0,low,Monday,0.9626
2024-12-03,A+,13.0,low,Tuesday,0.9639
2024-12-04,A+,18.0,normal,Wednesday,0.9651
2024-12-05,A+,23.0,high,Thursday,0.9663
2024-12-06,A+,19.0,normal,Friday,0.9676
2024-12-07,A+,13.0,high,Saturday,0.9688
2024-12-08,A+,11.0,normal,Sunday,0.9701
2024-12-09,A+,23.0,high,Monday,0.9714
2024-12-10,A+,20.0,normal,Tuesday,0.9727
2024-12-11,A+,19.0,normal,Wednesday,0.974
2024-12-12,A+,30.0,surge,Thursday,0.9753
2024-12-13,A+,19.0,normal,Friday,0.9766
2024-12-14,A+,10.0,normal,Saturday,0.9779
2024-12-15,A+,12.0,normal,Sunday,0.9793
2024-12-16,A+,21.0,normal,Monday,0.9806
2024-12-17,A+,17.0,normal,Tuesday,0.9819
2024-12-18,A+,20.0,normal,Wednesday,0.9833
2024-12-19,A+,19.0,normal,Thursday,0.9846
2024-12-20,A+,22.0,high,Friday,0.986
2024-12-21,A+,16.0,surge,Saturday,0.9873
2024-12-22,A+,9.0,normal,Sunday,0.9887
2024-12-23,A+,22.0,high,Monday,0.99
2024-12-24,A+,19.0,normal,Tuesday,0.9914
2024-12-25,A+,20.0,normal,Wednesday,0.9928
2024-12-26,A+,20.0,normal,Thursday,0.9942
2024-12-27,A+,19.0,normal,Friday,0.9955
2024-12-28,A+,12.0,normal,Saturday,0.9969
2024-12-29,A+,11.0,normal,Sunday,0.9983
2024-12-30,A+,30.0,surge,Monday,0.9997
2024-12-31,A+,13.0,low,Tuesday,1.001
2023-01-01,B+,7.0,normal,Sunday,1.0014
2023-01-02,B+,13.0,normal,Monday,1.0028
2023-01-03,B+,14.0,normal,Tuesday,1.0041
2023-01-04,B+,12.0,normal,Wednesday,1.0055
2023-01-05,B+,13.0,normal,Thursday,1.0069
2023-01-06,B+,9.0,low,Friday,1.0082
2023-01-07,B+,8.0,normal,Saturday,1.0096
2023-01-08,B+,8.0,normal,Sunday,1.011
2023-01-09,B+,15.0,normal,Monday,1.0123
2023-01-10,B+,11.0,normal,Tuesday,1.0137
2023-01-11,B+,15.0,normal,Wednesday,1.015
2023-01-12,B+,15.0,normal,Thursday,1.0164
2023-01-13,B+,14.0,normal,Friday,1.0177
2023-01-14,B+,8.0,normal,Saturday,1.0191
2023-01-15,B+,8.0,normal,Sunday,1.0204
2023-01-16,B+,14.0,normal,Monday,1.0217
2023-01-17,B+,14.0,normal,Tuesday,1.0231
2023-01-18,B+,13.0,normal,Wednesday,1.0244
2023-01-19,B+,17.0,high,Thursday,1.0257
2023-01-20,B+,14.0,normal,Friday,1.027
2023-01-21,B+,6.0,normal,Saturday,1.0283
2023-01-22,B+,9.0,normal,Sunday,1.0296
2023-01-23,B+,16.0,high,Monday,1.0308
2023-01-24,B+,15.0,normal,Tuesday,1.0321
2023-01-25,B+,13.0,normal,Wednesday,1.0334
2023-01-26,B+,14.0,normal,Thursday,1.0346
2023-01-27,B+,14.0,normal,Friday,1.0358
2023-01-28,B+,11.0,high,Saturday,1.0371
2023-01-29,B+,9.0,normal,Sunday,1.0383
2023-01-30,B+,13.0,normal,Monday,1.0395
2023-01-31,B+,12.0,normal,Tuesday,1.0407
2023-02-01,B+,17.0,high,Wednesday,1.0418
2023-02-02,B+,14.0,normal,Thursday,1.043
2023-02-03,B+,12.0,normal,Friday,1.0442
2023-02-04,B+,10.0,high,Saturday,1.0453
2023-02-05,B+,8.0,normal,Sunday,1.0464
2023-02-06,B+,15.0,normal,Monday,1.0476
2023-02-07,B+,23.0,surge,Tuesday,1.0486
2023-02-08,B+,15.0,normal,Wednesday,1.0497
2023-02-09,B+,10.0,low,Thursday,1.0508
2023-02-10,B+,14.0,normal,Friday,1.0519
2023-02-11,B+,8.0,normal,Saturday,1.0529
2023-02-12,B+,8.0,normal,Sunday,1.0539
2023-02-13,B+,17.0,high,Monday,1.0549
2023-02-14,B+,14.0,normal,Tuesday,1.0559
2023-02-15,B+,13.0,normal,Wednesday,1.0569
2023-02-16,B+,18.0,high,Thursday,1.0579
2023-02-17,B+,15.0,normal,Friday,1.0588
2023-02-18,B+,10.0,normal,Saturday,1.0597
2023-02-19,B+,10.0,normal,Sunday,1.0606
2023-02-20,B+,16.0,normal,Monday,1.0615
2023-02-21,B+,13.0,normal,Tuesday,1.0624
2023-02-22,B+,16.0,normal,Wednesday,1.0632
2023-02-23,B+,9.0,low,Thursday,1.0641
2023-02-24,B+,14.0,normal,Friday,1.0649
2023-02-25,B+,7.0,normal,Saturday,1.0657
2023-02-26,B+,8.0,normal,Sunday,1.0665
2023-02-27,B+,15.0,normal,Monday,1.0672
2023-02-28,B+,18.0,high,Tuesday,1.068
2023-03-01,B+,14.0,normal,Wednesday,1.0687
2023-03-02,B+,14.0,normal,Thursday,1.0694
2023-03-03,B+,13.0,normal,Friday,1.07
2023-03-04,B+,9.0,normal,Saturday,1.0707
2023-03-05,B+,4.0,low,Sunday,1.0713
2023-03-06,B+,18.0,high,Monday,1.0719
2023-03-07,B+,13.0,normal,Tuesday,1.0725
2023-03-08,B+,10.0,low,Wednesday,1.0731
2023-03-09,B+,9.0,low,Thursday,1.0737
2023-03-10,B+,14.0,normal,Friday,1.0742
2023-03-11,B+,9.0,normal,Saturday,1.0747
2023-03-12,B+,9.0,normal,Sunday,1.0752
2023-03-13,B+,14.0,normal,Monday,1.0756
2023-03-14,B+,14.0,normal,Tuesday,1.0761
2023-03-15,B+,14.0,normal,Wednesday,1.0765
2023-03-16,B+,17.0,high,Thursday,1.0769
2023-03-17,B+,14.0,normal,Friday,1.0772
2023-03-18,B+,10.0,high,Saturday,1.0776
2023-03-19,B+,9.0,normal,Sunday,1.0779
2023-03-20,B+,15.0,normal,Monday,1.0782
2023-03-21,B+,13.0,normal,Tuesday,1.0785
2023-03-22,B+,14.0,normal,Wednesday,1.0787
2023-03-23,B+,13.0,normal,Thursday,1.079
2023-03-24,B+,17.0,high,Friday,1.0792
2023-03-25,B+,8.0,normal,Saturday,1.0794
2023-03-26,B+,9.0,normal,Sunday,1.0795
2023-03-27,B+,14.0,normal,Monday,1.0797
2023-03-28,B+,14.0,normal,Tuesday,1.0798
2023-03-29,B+,10.0,low,Wednesday,1.0799
2023-03-30,B+,13.0,normal,Thursday,1.0799
2023-03-31,B+,14.0,normal,Friday,1.08
2023-04-01,B+,9.0,normal,Saturday,1.08
2023-04-02,B+,12.0,surge,Sunday,1.08
2023-04-03,B+,12.0,normal,Monday,1.08
2023-04-04,B+,15.0,normal,Tuesday,1.0799
2023-04-05,B+,16.0,high,Wednesday,1.0798
2023-04-06,B+,14.0,normal,Thursday,1.0797
2023-04-07,B+,10.0,low,Friday,1.0796
2023-04-08,B+,10.0,high,Saturday,1.0795
2023-04-09,B+,9.0,normal,Sunday,1.0793
2023-04-10,B+,16.0,high,Monday,
2023-04-11,B+,16.0,high,Tuesday,1.0789
2023-04-12,B+,9.0,low,Wednesday,1.0787
2023-04-13,B+,13.0,normal,Thursday,1.0784
2023-04-14,B+,15.0,normal,Friday,1.0781
2023-04-15,B+,8.0,normal,Saturday,1.0778
2023-04-16,B+,14.0,surge,Sunday,1.0775
2023-04-17,B+,10.0,low,Monday,1.0771
2023-04-18,B+,14.0,normal,Tuesday,1.0767
2023-04-19,B+,16.0,high,Wednesday,1.0763
2023-04-20,B+,15.0,normal,Thursday,1.0759
2023-04-21,B+,18.0,high,Friday,1.0755
2023-04-22,B+,9.0,normal,Saturday,1.075
2023-04-23,B+,8.0,normal,Sunday,1.0745
2023-04-24,B+,13.0,normal,Monday,1.074
2023-04-25,B+,14.0,normal,Tuesday,1.0734
2023-04-26,B+,17.0,high,Wednesday,1.0729
2023-04-27,B+,14.0,normal,Thursday,1.0723
2023-04-28,B+,14.0,normal,Friday,1.0717
2023-04-29,B+,6.0,low,Saturday,1.0711
2023-04-30,B+,13.0,surge,Sunday,1.0705
2023-05-01,B+,16.0,high,Monday,1.0698
2023-05-02,B+,13.0,normal,Tuesday,1.0691
2023-05-03,B+,15.0,normal,Wednesday,1.0684
2023-05-04,B+,19.0,high,Thursday,1.0677
2023-05-05,B+,24.0,surge,Friday,1.0669
2023-05-06,B+,9.0,normal,Saturday,1.0662
2023-05-07,B+,9.0,normal,Sunday,1.0654
2023-05-08,B+,14.0,normal,Monday,1.0646
2023-05-09,B+,14.0,normal,Tuesday,1.0638
2023-05-10,B+,13.0,normal,Wednesday,1.0629
2023-05-11,B+,14.0,normal,Thursday,1.0621
2023-05-12,B+,16.0,high,Friday,1.0612
2023-05-13,B+,10.0,high,Saturday,1.0603
2023-05-14,B+,10.0,high,Sunday,1.0594
2023-05-15,B+,14.0,normal,Monday,1.0585
2023-05-16,B+,14.0,normal,Tuesday,1.0575
2023-05-17,B+,14.0,normal,Wednesday,1.0565
2023-05-18,B+,13.0,normal,Thursday,1.0556
2023-05-19,B+,13.0,normal,Friday,1.0546
2023-05-20,B+,9.0,normal,Saturday,1.0535
2023-05-21,B+,8.0,normal,Sunday,1.0525
2023-05-22,B+,12.0,normal,Monday,1.0515
2023-05-23,B+,14.0,normal,Tuesday,1.0504
2023-05-24,B+,14.0,normal,Wednesday,1.0493
2023-05-25,B+,12.0,normal,Thursday,1.0482
2023-05-26,B+,17.0,high,Friday,1.0471
2023-05-27,B+,7.0,normal,Saturday,1.046
2023-05-28,B+,8.0,normal,Sunday,1.0449
2023-05-29,B+,12.0,normal,Monday,1.0437
2023-05-30,B+,13.0,normal,Tuesday,1.0426
2023-05-31,B+,15.0,high,Wednesday,1.0414
2023-06-01,B+,14.0,normal,Thursday,1.0402
2023-06-02,B+,13.0,normal,Friday,1.039
2023-06-03,B+,8.0,normal,Saturday,1.0378
2023-06-04,B+,9.0,normal,Sunday,1.0366
2023-06-05,B+,17.0,high,Monday,1.0354
2023-06-06,B+,20.0,surge,Tuesday,1.0341
2023-06-07,B+,17.0,high,Wednesday,1.0329
2023-06-08,B+,13.0,normal,Thursday,1.0316
2023-06-09,B+,13.0,normal,Friday,1.0304
2023-06-10,B+,7.0,normal,Saturday,1.0291
2023-06-11,B+,9.0,normal,Sunday,1.0278
2023-06-12,B+,14.0,normal,Monday,1.0265
2023-06-13,B+,10.0,low,Tuesday,1.0252
2023-06-14,B+,13.0,normal,Wednesday,1.0239
2023-06-15,B+,19.0,surge,Thursday,1.0226
2023-06-16,B+,13.0,normal,Friday,1.0212
2023-06-17,B+,6.0,low,Saturday,1.0199
2023-06-18,B+,9.0,high,Sunday,1.0186
2023-06-19,B+,19.0,surge,Monday,1.0172
2023-06-20,B+,17.0,high,Tuesday,1.0159
2023-06-21,B+,10.0,low,Wednesday,1.0145
2023-06-22,B+,14.0,normal,Thursday,1.0132
2023-06-23,B+,17.0,high,Friday,1.0118
2023-06-24,B+,9.0,high,Saturday,1.0105
2023-06-25,B+,7.0,normal,Sunday,1.0091
2023-06-26,B+,13.0,normal,Monday,1.0077
2023-06-27,B+,13.0,normal,Tuesday,1.0064
2023-06-28,B+,12.0,normal,Wednesday,1.005
2023-06-29,B+,13.0,normal,Thursday,1.0036
2023-06-30,B+,13.0,normal,Friday,1.0022
2023-07-01,B+,9.0,normal,Saturday,1.0009
2023-07-02,B+,8.0,normal,Sunday,0.9995
2023-07-03,B+,14.0,normal,Monday,0.9981
2023-07-04,B+,13.0,normal,Tuesday,0.9967
2023-07-05,B+,12.0,normal,Wednesday,0.9954
2023-07-06,B+,14.0,normal,Thursday,0.994
2023-07-07,B+,16.0,high,Friday,0.9926
2023-07-08,B+,8.0,normal,Saturday,0.9912
2023-07-09,B+,7.0,normal,Sunday,0.9899
2023-07-10,B+,13.0,normal,Monday,0.9885
2023-07-11,B+,15.0,high,Tuesday,0.9872
2023-07-12,B+,12.0,normal,Wednesday,0.9858
2023-07-13,B+,11.0,normal,Thursday,0.9844
2023-07-14,B+,12.0,normal,Friday,0.9831
2023-07-15,B+,8.0,normal,Saturday,0.9818
2023-07-16,B+,9.0,normal,Sunday,0.9804
2023-07-17,B+,14.0,normal,Monday,0.9791
2023-07-18,B+,14.0,normal,Tuesday,0.9778
2023-07-19,B+,12.0,normal,Wednesday,0.9764
2023-07-20,B+,13.0,normal,Thursday,0.9751
2023-07-21,B+,20.0,surge,Friday,0.9738
2023-07-22,B+,10.0,high,Saturday,0.9725
2023-07-23,B+,8.0,normal,Sunday,0.9712
2023-07-24,B+,13.0,normal,Monday,0.97
2023-07-25,B+,11.0,low,Tuesday,0.9687
2023-07-26,B+,13.0,normal,Wednesday,0.9674
2023-07-27,B+,13.0,normal,Thursday,0.9662
2023-07-28,B+,13.0,normal,Friday,0.9649
2023-07-29,B+,5.0,low,Saturday,0.9637
2023-07-30,B+,8.0,normal,Sunday,0.9625
2023-07-31,B+,13.0,normal,Monday,0.9613
2023-08-01,B+,20.0,surge,Tuesday,0.9601
2023-08-02,B+,8.0,low,Wednesday,0.9589
2023-08-03,B+,16.0,high,Thursday,0.9577
2023-08-04,B+,12.0,normal,Friday,0.9566
2023-08-05,B+,8.0,normal,Saturday,0.9554
2023-08-06,B+,8.0,normal,Sunday,0.9543
2023-08-07,B+,12.0,normal,Monday,0.9531
2023-08-08,B+,12.0,normal,Tuesday,0.952
2023-08-09,B+,15.0,high,Wednesday,0.9509
2023-08-10,B+,15.0,high,Thursday,0.9499
2023-08-11,B+,15.0,high,Friday,0.9488
2023-08-12,B+,8.0,normal,Saturday,0.9477
2023-08-13,B+,6.0,normal,Sunday,0.9467
2023-08-14,B+,13.0,normal,Monday,0.9457
2023-08-15,B+,13.0,normal,Tuesday,0.9447
2023-08-16,B+,12.0,normal,Wednesday,0.9437
2023-08-17,B+,12.0,normal,Thursday,0.9427
2023-08-18,B+,11.0,normal,Friday,0.9418
2023-08-19,B+,8.0,normal,Saturday,0.9408
2023-08-20,B+,7.0,normal,Sunday,0.9399
2023-08-21,B+,10.0,normal,Monday,0.939
2023-08-22,B+,13.0,normal,Tuesday,0.9381
2023-08-23,B+,11.0,normal,Wednesday,0.9373
2023-08-24,B+,12.0,normal,Thursday,0.9364
2023-08-25,B+,12.0,normal,Friday,0.9356
2023-08-26,B+,8.0,normal,Saturday,0.9348
2023-08-27,B+,7.0,normal,Sunday,0.934
2023-08-28,B+,12.0,normal,Monday,0.9333
2023-08-29,B+,12.0,normal,Tuesday,0.9325
2023-08-30,B+,11.0,normal,Wednesday,0.9318
2023-08-31,B+,19.0,surge,Thursday,0.9311
2023-09-01,B+,13.0,normal,Friday,0.9304
2023-09-02,B+,6.0,normal,Saturday,0.9297
2023-09-03,B+,8.0,normal,Sunday,0.9291
2023-09-04,B+,14.0,normal,Monday,0.9284
2023-09-05,B+,12.0,normal,Tuesday,0.9278
2023-09-06,B+,12.0,normal,Wednesday,0.9272
2023-09-07,B+,11.0,normal,Thursday,0.9267
2023-09-08,B+,7.0,low,Friday,0.9261
2023-09-09,B+,7.0,normal,Saturday,0.9256
2023-09-10,B+,8.0,normal,Sunday,0.9251
2023-09-11,B+,11.0,normal,Monday,0.9247
2023-09-12,B+,10.0,normal,Tuesday,0.9242
2023-09-13,B+,12.0,normal,Wednesday,0.9238
2023-09-14,B+,11.0,normal,Thursday,0.9234
2023-09-15,B+,11.0,normal,Friday,0.923
2023-09-16,B+,8.0,normal,Saturday,0.9226
2023-09-17,B+,7.0,normal,Sunday,0.9223
2023-09-18,B+,12.0,normal,Monday,0.922
2023-09-19,B+,17.0,surge,Tuesday,0.9217
2023-09-20,B+,10.0,normal,Wednesday,0.9214
2023-09-21,B+,12.0,normal,Thursday,0.9212
2023-09-22,B+,11.0,normal,Friday,0.9209
2023-09-23,B+,7.0,normal,Saturday,0.9207
2023-09-24,B+,7.0,normal,Sunday,0.9206
2023-09-25,B+,12.0,normal,Monday,0.9204
2023-09-26,B+,13.0,normal,Tuesday,0.9203
2023-09-27,B+,14.0,normal,Wednesday,0.9202
2023-09-28,B+,12.0,normal,Thursday,0.9201
2023-09-29,B+,14.0,normal,Friday,0.92
2023-09-30,B+,4.0,low,Saturday,0.92
2023-10-01,B+,7.0,normal,Sunday,0.92
2023-10-02,B+,13.0,high,Monday,0.92
2023-10-03,B+,11.0,normal,Tuesday,0.9201
2023-10-04,B+,12.0,normal,Wednesday,0.9201
2023-10-05,B+,14.0,normal,Thursday,0.9202
2023-10-06,B+,12.0,normal,Friday,0.9203
2023-10-07,B+,10.0,high,Saturday,0.9204
2023-10-08,B+,7.0,normal,Sunday,0.9206
2023-10-09,B+,18.0,surge,Monday,0.9208
2023-10-10,B+,13.0,high,Tuesday,0.921
2023-10-11,B+,14.0,normal,Wednesday,0.9212
2023-10-12,B+,13.0,normal,Thursday,0.9214
2023-10-13,B+,12.0,normal,Friday,0.9217
2023-10-14,B+,7.0,normal,Saturday,0.922
2023-10-15,B+,7.0,normal,Sunday,0.9223
2023-10-16,B+,11.0,normal,Monday,0.9227
2023-10-17,B+,9.0,low,Tuesday,0.923
2023-10-18,B+,13.0,normal,Wednesday,0.9234
2023-10-19,B+,13.0,normal,Thursday,0.9238
2023-10-20,B+,11.0,normal,Friday,0.9243
2023-10-21,B+,8.0,normal,Saturday,0.9247
2023-10-22,B+,4.0,low,Sunday,0.9252
2023-10-23,B+,10.0,normal,Monday,0.9257
2023-10-24,B+,13.0,normal,Tuesday,0.9262
2023-10-25,B+,12.0,normal,Wednesday,0.9268
2023-10-26,B+,13.0,normal,Thursday,0.9273
2023-10-27,B+,13.0,normal,Friday,0.9279
2023-10-28,B+,8.0,normal,Saturday,0.9285
2023-10-29,B+,9.0,high,Sunday,0.9291
2023-10-30,B+,11.0,normal,Monday,0.9298
2023-10-31,B+,12.0,normal,Tuesday,0.9305
2023-11-01,B+,13.0,normal,Wednesday,0.9312
2023-11-02,B+,16.0,high,Thursday,0.9319
2023-11-03,B+,12.0,normal,Friday,0.9326
2023-11-04,B+,7.0,normal,Saturday,0.9333
2023-11-05,B+,8.0,normal,Sunday,0.9341
2023-11-06,B+,12.0,normal,Monday,0.9349
2023-11-07,B+,12.0,normal,Tuesday,0.9357
2023-11-08,B+,13.0,normal,Wednesday,0.9365
2023-11-09,B+,15.0,high,Thursday,0.9374
2023-11-10,B+,8.0,low,Friday,0.9383
2023-11-11,B+,8.0,normal,Saturday,0.9391
2023-11-12,B+,9.0,high,Sunday,0.94
2023-11-13,B+,12.0,normal,Monday,0.941
2023-11-14,B+,18.0,surge,Tuesday,0.9419
2023-11-15,B+,12.0,normal,Wednesday,0.9429
2023-11-16,B+,11.0,normal,Thursday,0.9438
2023-11-17,B+,13.0,normal,Friday,0.9448
2023-11-18,B+,6.0,normal,Saturday,0.9458
2023-11-19,B+,9.0,normal,Sunday,0.9468
2023-11-20,B+,16.0,high,Monday,0.9479
2023-11-21,B+,9.0,low,Tuesday,0.9489
2023-11-22,B+,13.0,normal,Wednesday,0.95
2023-11-23,B+,13.0,normal,Thursday,0.9511
2023-11-24,B+,13.0,normal,Friday,0.9522
2023-11-25,B+,7.0,normal,Saturday,0.9533
2023-11-26,B+,7.0,normal,Sunday,0.9544
2023-11-27,B+,10.0,low,Monday,0.9555
2023-11-28,B+,12.0,normal,Tuesday,0.9567
2023-11-29,B+,14.0,high,Wednesday,0.9579
2023-11-30,B+,13.0,normal,Thursday,0.959
2023-12-01,B+,13.0,normal,Friday,0.9602
2023-12-02,B+,12.0,surge,Saturday,0.9614
2023-12-03,B+,10.0,high,Sunday,0.9626
2023-12-04,B+,13.0,normal,Monday,0.9639
2023-12-05,B+,11.0,normal,Tuesday,0.9651
2023-12-06,B+,14.0,normal,Wednesday,0.9663
2023-12-07,B+,13.0,normal,Thursday,0.9676
2023-12-08,B+,13.0,normal,Friday,0.9688
2023-12-09,B+,10.0,high,Saturday,0.9701
2023-12-10,B+,8.0,normal,Sunday,0.9714
2023-12-11,B+,15.0,high,Monday,0.9727
2023-12-12,B+,11.0,normal,Tuesday,0.974
2023-12-13,B+,13.0,normal,Wednesday,0.9753
2023-12-14,B+,11.0,normal,Thursday,0.9766
2023-12-15,B+,17.0,high,Friday,0.9779
2023-12-16,B+,8.0,normal,Saturday,0.9793
2023-12-17,B+,10.0,normal,Sunday,0.9806
2023-12-18,B+,13.0,normal,Monday,0.9819
2023-12-19,B+,12.0,normal,Tuesday,0.9833
2023-12-20,B+,14.0,normal,Wednesday,0.9846
2023-12-21,B+,16.0,high,Thursday,0.986
2023-12-22,B+,18.0,high,Friday,0.9873
2023-12-23,B+,7.0,normal,Saturday,0.9887
2023-12-24,B+,11.0,high,Sunday,0.99
2023-12-25,B+,11.0,low,Monday,0.9914
2023-12-26,B+,14.0,normal,Tuesday,0.9928
2023-12-27,B+,14.0,normal,Wednesday,0.9942
2023-12-28,B+,14.0,normal,Thursday,0.9955
2023-12-29,B+,13.0,normal,Friday,0.9969
2023-12-30,B+,9.0,high,Saturday,0.9983
2023-12-31,B+,8.0,normal,Sunday,0.9997
2024-01-01,B+,13.0,normal,Monday,1.0014
2024-01-02,B+,14.0,normal,Tuesday,1.0028
2024-01-03,B+,15.0,high,Wednesday,1.0041
2024-01-04,B+,13.0,normal,Thursday,1.0055
2024-01-05,B+,13.0,normal,Friday,1.0069
2024-01-06,B+,9.0,normal,Saturday,1.0082
2024-01-07,B+,10.0,normal,Sunday,1.0096
2024-01-08,B+,12.0,normal,Monday,1.011
2024-01-09,B+,14.0,normal,Tuesday,1.0123
2024-01-10,B+,14.0,normal,Wednesday,1.0137
2024-01-11,B+,13.0,normal,Thursday,1.015
2024-01-12,B+,12.0,normal,Friday,1.0164
2024-01-13,B+,9.0,normal,Saturday,1.0177
2024-01-14,B+,7.0,normal,Sunday,1.0191
2024-01-15,B+,15.0,normal,Monday,1.0204
2024-01-16,B+,13.0,normal,Tuesday,1.0217
2024-01-17,B+,12.0,normal,Wednesday,1.0231
2024-01-18,B+,9.0,low,Thursday,1.0244
2024-01-19,B+,13.0,normal,Friday,1.0257
2024-01-20,B+,8.0,normal,Saturday,1.027
2024-01-21,B+,9.0,normal,Sunday,1.0283
2024-01-22,B+,14.0,normal,Monday,1.0296
2024-01-23,B+,15.0,normal,Tuesday,1.0308
2024-01-24,B+,13.0,normal,Wednesday,1.0321
2024-01-25,B+,14.0,normal,Thursday,1.0334
2024-01-26,B+,14.0,normal,Friday,1.0346
2024-01-27,B+,7.0,normal,Saturday,1.0358
2024-01-28,B+,7.0,normal,Sunday,1.0371
2024-01-29,B+,14.0,normal,Monday,1.0383
2024-01-30,B+,17.0,high,Tuesday,1.0395
2024-01-31,B+,12.0,normal,Wednesday,1.0407
2024-02-01,B+,15.0,normal,Thursday,1.0418
2024-02-02,B+,14.0,normal,Friday,1.043
2024-02-03,B+,8.0,normal,Saturday,1.0442
2024-02-04,B+,9.0,normal,Sunday,1.0453
2024-02-05,B+,9.0,low,Monday,1.0464
2024-02-06,B+,14.0,normal,Tuesday,1.0476
2024-02-07,B+,14.0,normal,Wednesday,1.0486
2024-02-08,B+,18.0,high,Thursday,1.0497
2024-02-09,B+,9.0,low,Friday,1.0508
2024-02-10,B+,7.0,normal,Saturday,1.0519
2024-02-11,B+,8.0,normal,Sunday,1.0529
2024-02-12,B+,9.0,low,Monday,1.0539
2024-02-13,B+,16.0,high,Tuesday,1.0549
2024-02-14,B+,13.0,normal,Wednesday,1.0559
2024-02-15,B+,13.0,normal,Thursday,1.0569
2024-02-16,B+,17.0,high,Friday,1.0579
2024-02-17,B+,9.0,normal,Saturday,1.0588
2024-02-18,B+,8.0,normal,Sunday,1.0597
2024-02-19,B+,14.0,normal,Monday,1.0606
2024-02-20,B+,14.0,normal,Tuesday,1.0615
2024-02-21,B+,16.0,high,Wednesday,1.0624
2024-02-22,B+,17.0,high,Thursday,1.0632
2024-02-23,B+,14.0,normal,Friday,1.0641
2024-02-24,B+,9.0,normal,Saturday,1.0649
2024-02-25,B+,11.0,high,Sunday,1.0657
2024-02-26,B+,18.0,high,Monday,1.0665
2024-02-27,B+,14.0,normal,Tuesday,1.0672
2024-02-28,B+,14.0,normal,Wednesday,1.068
2024-02-29,B+,15.0,normal,Thursday,1.0687
2024-03-01,B+,14.0,normal,Friday,1.0694
2024-03-02,B+,13.0,surge,Saturday,1.07
2024-03-03,B+,10.0,normal,Sunday,1.0707
2024-03-04,B+,13.0,normal,Monday,1.0713
2024-03-05,B+,13.0,normal,Tuesday,1.0719
2024-03-06,B+,14.0,normal,Wednesday,1.0725
2024-03-07,B+,14.0,normal,Thursday,1.0731
2024-03-08,B+,15.0,normal,Friday,1.0737
2024-03-09,B+,14.0,surge,Saturday,1.0742
2024-03-10,B+,8.0,normal,Sunday,1.0747
2024-03-11,B+,15.0,normal,Monday,1.0752
2024-03-12,B+,14.0,normal,Tuesday,1.0756
2024-03-13,B+,14.0,normal,Wednesday,1.0761
2024-03-14,B+,14.0,normal,Thursday,1.0765
2024-03-15,B+,14.0,normal,Friday,1.0769
2024-03-16,B+,9.0,normal,Saturday,1.0772
2024-03-17,B+,8.0,normal,Sunday,1.0776
2024-03-18,B+,15.0,normal,Monday,1.0779
2024-03-19,B+,15.0,normal,Tuesday,1.0782
2024-03-20,B+,14.0,normal,Wednesday,1.0785
2024-03-21,B+,14.0,normal,Thursday,1.0787
2024-03-22,B+,11.0,low,Friday,1.079
2024-03-23,B+,8.0,normal,Saturday,1.0792
2024-03-24,B+,8.0,normal,Sunday,1.0794
2024-03-25,B+,14.0,normal,Monday,1.0795
2024-03-26,B+,16.0,high,Tuesday,1.0797
2024-03-27,B+,11.0,low,Wednesday,1.0798
2024-03-28,B+,21.0,surge,Thursday,1.0799
2024-03-29,B+,23.0,surge,Friday,1.0799
2024-03-30,B+,8.0,normal,Saturday,1.08
2024-03-31,B+,8.0,normal,Sunday,1.08
2024-04-01,B+,8.0,low,Monday,1.08
2024-04-02,B+,10.0,low,Tuesday,1.08
2024-04-03,B+,9.0,low,Wednesday,1.0799
2024-04-04,B+,17.0,high,Thursday,1.0798
2024-04-05,B+,13.0,normal,Friday,1.0797
2024-04-06,B+,6.0,low,Saturday,1.0796
2024-04-07,B+,6.0,normal,Sunday,1.0795
2024-04-08,B+,17.0,high,Monday,1.0793
2024-04-09,B+,17.0,high,Tuesday,1.0791
2024-04-10,B+,14.0,normal,Wednesday,1.0789
2024-04-11,B+,14.0,normal,Thursday,1.0787
2024-04-12,B+,14.0,normal,Friday,1.0784
2024-04-13,B+,8.0,normal,Saturday,1.0781
2024-04-14,B+,10.0,normal,Sunday,1.0778
2024-04-15,B+,15.0,normal,Monday,1.0775
2024-04-16,B+,14.0,normal,Tuesday,1.0771
2024-04-17,B+,14.0,normal,Wednesday,1.0767
2024-04-18,B+,15.0,normal,Thursday,1.0763
2024-04-19,B+,14.0,normal,Friday,1.0759
2024-04-20,B+,8.0,normal,Saturday,1.0755
2024-04-21,B+,8.0,normal,Sunday,1.075
2024-04-22,B+,15.0,normal,Monday,1.0745
2024-04-23,B+,18.0,high,Tuesday,1.074
2024-04-24,B+,14.0,normal,Wednesday,1.0734
2024-04-25,B+,13.0,normal,Thursday,1.0729
2024-04-26,B+,14.0,normal,Friday,1.0723
2024-04-27,B+,9.0,normal,Saturday,1.0717
2024-04-28,B+,8.0,normal,Sunday,1.0711
2024-04-29,B+,18.0,high,Monday,1.0705
2024-04-30,B+,14.0,normal,Tuesday,1.0698
2024-05-01,B+,16.0,high,Wednesday,1.0691
2024-05-02,B+,14.0,normal,Thursday,1.0684
2024-05-03,B+,13.0,normal,Friday,1.0677
2024-05-04,B+,8.0,normal,Saturday,1.0669
2024-05-05,B+,5.0,low,Sunday,1.0662
2024-05-06,B+,16.0,high,Monday,1.0654
2024-05-07,B+,8.0,low,Tuesday,1.0646
2024-05-08,B+,17.0,high,Wednesday,1.0638
2024-05-09,B+,14.0,normal,Thursday,1.0629
2024-05-10,B+,14.0,normal,Friday,1.0621
2024-05-11,B+,8.0,normal,Saturday,1.0612
2024-05-12,B+,7.0,normal,Sunday,1.0603
2024-05-13,B+,13.0,normal,Monday,1.0594
2024-05-14,B+,10.0,low,Tuesday,1.0585
2024-05-15,B+,14.0,normal,Wednesday,1.0575
2024-05-16,B+,18.0,high,Thursday,1.0565
2024-05-17,B+,18.0,high,Friday,1.0556
2024-05-18,B+,8.0,normal,Saturday,1.0546
2024-05-19,B+,10.0,high,Sunday,1.0535
2024-05-20,B+,13.0,normal,Monday,1.0525
2024-05-21,B+,12.0,normal,Tuesday,1.0515
2024-05-22,B+,13.0,normal,Wednesday,1.0504
2024-05-23,B+,8.0,low,Thursday,1.0493
2024-05-24,B+,11.0,low,Friday,1.0482
2024-05-25,B+,10.0,high,Saturday,1.0471
2024-05-26,B+,9.0,normal,Sunday,1.046
2024-05-27,B+,16.0,high,Monday,1.0449
2024-05-28,B+,16.0,normal,Tuesday,1.0437
2024-05-29,B+,13.0,normal,Wednesday,1.0426
2024-05-30,B+,12.0,normal,Thursday,1.0414
2024-05-31,B+,16.0,normal,Friday,1.0402
2024-06-01,B+,7.0,normal,Saturday,1.039
2024-06-02,B+,10.0,high,Sunday,1.0378
2024-06-03,B+,13.0,normal,Monday,1.0366
2024-06-04,B+,10.0,low,Tuesday,1.0354
2024-06-05,B+,13.0,normal,Wednesday,1.0341
2024-06-06,B+,14.0,normal,Thursday,1.0329
2024-06-07,B+,17.0,high,Friday,1.0316
2024-06-08,B+,7.0,normal,Saturday,1.0304
2024-06-09,B+,7.0,normal,Sunday,1.0291
2024-06-10,B+,14.0,normal,Monday,1.0278
2024-06-11,B+,14.0,normal,Tuesday,1.0265
2024-06-12,B+,13.0,normal,Wednesday,1.0252
2024-06-13,B+,14.0,normal,Thursday,1.0239
2024-06-14,B+,15.0,normal,Friday,1.0226
2024-06-15,B+,10.0,high,Saturday,1.0212
2024-06-16,B+,8.0,normal,Sunday,1.0199
2024-06-17,B+,14.0,normal,Monday,1.0186
2024-06-18,B+,14.0,normal,Tuesday,1.0172
2024-06-19,B+,16.0,high,Wednesday,1.0159
2024-06-20,B+,13.0,normal,Thursday,1.0145
2024-06-21,B+,13.0,normal,Friday,1.0132
2024-06-22,B+,8.0,normal,Saturday,1.0118
2024-06-23,B+,7.0,normal,Sunday,1.0105
2024-06-24,B+,13.0,normal,Monday,1.0091
2024-06-25,B+,14.0,normal,Tuesday,1.0077
2024-06-26,B+,10.0,low,Wednesday,1.0064
2024-06-27,B+,13.0,normal,Thursday,1.005
2024-06-28,B+,12.0,normal,Friday,1.0036
2024-06-29,B+,7.0,normal,Saturday,1.0022
2024-06-30,B+,7.0,normal,Sunday,1.0009
2024-07-01,B+,13.0,normal,Monday,0.9995
2024-07-02,B+,12.0,normal,Tuesday,0.9981
2024-07-03,B+,13.0,normal,Wednesday,0.9967
2024-07-04,B+,16.0,high,Thursday,0.9954
2024-07-05,B+,13.0,normal,Friday,0.994
2024-07-06,B+,8.0,normal,Saturday,0.9926
2024-07-07,B+,7.0,normal,Sunday,0.9912
2024-07-08,B+,12.0,normal,Monday,0.9899
2024-07-09,B+,14.0,normal,Tuesday,0.9885
2024-07-10,B+,9.0,low,Wednesday,0.9872
2024-07-11,B+,13.0,normal,Thursday,0.9858
2024-07-12,B+,16.0,high,Friday,0.9844
2024-07-13,B+,9.0,normal,Saturday,0.9831
2024-07-14,B+,7.0,normal,Sunday,0.9818
2024-07-15,B+,13.0,normal,Monday,0.9804
2024-07-16,B+,13.0,normal,Tuesday,0.9791
2024-07-17,B+,14.0,normal,Wednesday,0.9778
2024-07-18,B+,12.0,normal,Thursday,0.9764
2024-07-19,B+,12.0,normal,Friday,0.9751
2024-07-20,B+,10.0,high,Saturday,0.9738
2024-07-21,B+,8.0,normal,Sunday,0.9725
2024-07-22,B+,13.0,normal,Monday,0.9712
2024-07-23,B+,14.0,normal,Tuesday,0.97
2024-07-24,B+,12.0,normal,Wednesday,0.9687
2024-07-25,B+,13.0,normal,Thursday,0.9674
2024-07-26,B+,11.0,normal,Friday,0.9662
2024-07-27,B+,7.0,normal,Saturday,0.9649
2024-07-28,B+,7.0,normal,Sunday,0.9637
2024-07-29,B+,12.0,normal,Monday,0.9625
2024-07-30,B+,14.0,high,Tuesday,0.9613
2024-07-31,B+,13.0,normal,Wednesday,0.9601
2024-08-01,B+,12.0,normal,Thursday,0.9589
2024-08-02,B+,14.0,normal,Friday,0.9577
2024-08-03,B+,7.0,normal,Saturday,0.9566
2024-08-04,B+,12.0,surge,Sunday,0.9554
2024-08-05,B+,12.0,normal,Monday,0.9543
2024-08-06,B+,12.0,normal,Tuesday,0.9531
2024-08-07,B+,12.0,normal,Wednesday,0.952
2024-08-08,B+,12.0,normal,Thursday,0.9509
2024-08-09,B+,13.0,normal,Friday,0.9499
2024-08-10,B+,8.0,normal,Saturday,0.9488
2024-08-11,B+,8.0,normal,Sunday,0.9477
2024-08-12,B+,13.0,normal,Monday,0.9467
2024-08-13,B+,20.0,surge,Tuesday,0.9457
2024-08-14,B+,15.0,high,Wednesday,0.9447
2024-08-15,B+,12.0,normal,Thursday,0.9437
2024-08-16,B+,12.0,normal,Friday,0.9427
2024-08-17,B+,7.0,normal,Saturday,0.9418
2024-08-18,B+,7.0,normal,Sunday,0.9408
2024-08-19,B+,12.0,normal,Monday,0.9399
2024-08-20,B+,12.0,normal,Tuesday,0.939
2024-08-21,B+,11.0,normal,Wednesday,0.9381
2024-08-22,B+,10.0,normal,Thursday,0.9373
2024-08-23,B+,12.0,normal,Friday,0.9364
2024-08-24,B+,6.0,low,Saturday,0.9356
2024-08-25,B+,7.0,normal,Sunday,0.9348
2024-08-26,B+,16.0,high,Monday,0.934
2024-08-27,B+,11.0,normal,Tuesday,0.9333
2024-08-28,B+,12.0,normal,Wednesday,0.9325
2024-08-29,B+,17.0,high,Thursday,0.9318
2024-08-30,B+,11.0,normal,Friday,0.9311
2024-08-31,B+,8.0,normal,Saturday,0.9304
2024-09-01,B+,8.0,normal,Sunday,0.9297
2024-09-02,B+,12.0,normal,Monday,0.9291
2024-09-03,B+,13.0,normal,Tuesday,0.9284
2024-09-04,B+,14.0,high,Wednesday,0.9278
2024-09-05,B+,12.0,normal,Thursday,0.9272
2024-09-06,B+,10.0,normal,Friday,0.9267
2024-09-07,B+,9.0,normal,Saturday,0.9261
2024-09-08,B+,9.0,high,Sunday,0.9256
2024-09-09,B+,11.0,normal,Monday,0.9251
2024-09-10,B+,11.0,normal,Tuesday,0.9247
2024-09-11,B+,16.0,high,Wednesday,0.9242
2024-09-12,B+,11.0,normal,Thursday,0.9238
2024-09-13,B+,14.0,high,Friday,0.9234
2024-09-14,B+,6.0,normal,Saturday,0.923
2024-09-15,B+,12.0,surge,Sunday,0.9226
2024-09-16,B+,16.0,high,Monday,0.9223
2024-09-17,B+,12.0,normal,Tuesday,0.922
2024-09-18,B+,16.0,high,Wednesday,0.9217
2024-09-19,B+,12.0,normal,Thursday,0.9214
2024-09-20,B+,18.0,surge,Friday,0.9212
2024-09-21,B+,9.0,normal,Saturday,0.9209
2024-09-22,B+,8.0,high,Sunday,0.9207
2024-09-23,B+,12.0,normal,Monday,0.9206
2024-09-24,B+,12.0,normal,Tuesday,0.9204
2024-09-25,B+,12.0,normal,Wednesday,0.9203
2024-09-26,B+,10.0,normal,Thursday,0.9202
2024-09-27,B+,14.0,normal,Friday,0.9201
2024-09-28,B+,10.0,surge,Saturday,0.92
2024-09-29,B+,9.0,normal,Sunday,0.92
2024-09-30,B+,14.0,high,Monday,0.92
2024-10-01,B+,11.0,normal,Tuesday,0.92
2024-10-02,B+,16.0,high,Wednesday,0.9201
2024-10-03,B+,12.0,normal,Thursday,0.9201
2024-10-04,B+,11.0,normal,Friday,0.9202
2024-10-05,B+,6.0,normal,Saturday,0.9203
2024-10-06,B+,8.0,normal,Sunday,0.9204
2024-10-07,B+,11.0,normal,Monday,0.9206
2024-10-08,B+,12.0,normal,Tuesday,0.9208
2024-10-09,B+,13.0,normal,Wednesday,0.921
2024-10-10,B+,11.0,normal,Thursday,0.9212
2024-10-11,B+,14.0,high,Friday,0.9214
2024-10-12,B+,8.0,normal,Saturday,0.9217
2024-10-13,B+,7.0,normal,Sunday,0.922
2024-10-14,B+,12.0,normal,Monday,0.9223
2024-10-15,B+,17.0,high,Tuesday,0.9227
2024-10-16,B+,15.0,high,Wednesday,0.923
2024-10-17,B+,12.0,normal,Thursday,0.9234
2024-10-18,B+,14.0,normal,Friday,0.9238
2024-10-19,B+,10.0,high,Saturday,0.9243
2024-10-20,B+,6.0,normal,Sunday,0.9247
2024-10-21,B+,11.0,normal,Monday,0.9252
2024-10-22,B+,11.0,normal,Tuesday,0.9257
2024-10-23,B+,12.0,normal,Wednesday,0.9262
2024-10-24,B+,10.0,normal,Thursday,0.9268
2024-10-25,B+,14.0,normal,Friday,0.9273
2024-10-26,B+,9.0,high,Saturday,0.9279
2024-10-27,B+,8.0,normal,Sunday,0.9285
2024-10-28,B+,12.0,normal,Monday,0.9291
2024-10-29,B+,12.0,normal,Tuesday,0.9298
2024-10-30,B+,12.0,normal,Wednesday,0.9305
2024-10-31,B+,12.0,normal,Thursday,0.9312
2024-11-01,B+,13.0,normal,Friday,0.9319
2024-11-02,B+,9.0,normal,Saturday,0.9326
2024-11-03,B+,9.0,normal,Sunday,0.9333
2024-11-04,B+,18.0,high,Monday,0.9341
2024-11-05,B+,12.0,normal,Tuesday,0.9349
2024-11-06,B+,13.0,normal,Wednesday,0.9357
2024-11-07,B+,8.0,low,Thursday,0.9365
2024-11-08,B+,10.0,low,Friday,0.9374
2024-11-09,B+,7.0,normal,Saturday,0.9383
2024-11-10,B+,10.0,high,Sunday,0.9391
2024-11-11,B+,19.0,surge,Monday,0.94
2024-11-12,B+,12.0,normal,Tuesday,0.941
2024-11-13,B+,15.0,high,Wednesday,0.9419
2024-11-14,B+,11.0,normal,Thursday,0.9429
2024-11-15,B+,8.0,low,Friday,0.9438
2024-11-16,B+,8.0,normal,Saturday,0.9448
2024-11-17,B+,8.0,normal,Sunday,0.9458
2024-11-18,B+,14.0,high,Monday,0.9468
2024-11-19,B+,15.0,high,Tuesday,0.9479
2024-11-20,B+,13.0,normal,Wednesday,0.9489
2024-11-21,B+,12.0,normal,Thursday,0.95
2024-11-22,B+,11.0,normal,Friday,0.9511
2024-11-23,B+,9.0,normal,Saturday,0.9522
2024-11-24,B+,6.0,low,Sunday,0.9533
2024-11-25,B+,12.0,normal,Monday,0.9544
2024-11-26,B+,15.0,high,Tuesday,0.9555
2024-11-27,B+,12.0,normal,Wednesday,0.9567
2024-11-28,B+,13.0,normal,Thursday,0.9579
2024-11-29,B+,11.0,normal,Friday,0.959
2024-11-30,B+,8.0,normal,Saturday,0.9602
2024-12-01,B+,8.0,normal,Sunday,0.9614
2024-12-02,B+,13.0,normal,Monday,0.9626
2024-12-03,B+,12.0,normal,Tuesday,0.9639
2024-12-04,B+,14.0,normal,Wednesday,0.9651
2024-12-05,B+,13.0,normal,Thursday,0.9663
2024-12-06,B+,12.0,normal,Friday,0.9676
2024-12-07,B+,7.0,normal,Saturday,0.9688
2024-12-08,B+,8.0,normal,Sunday,0.9701
2024-12-09,B+,12.0,normal,Monday,0.9714
2024-12-10,B+,12.0,normal,Tuesday,0.9727
2024-12-11,B+,15.0,high,Wednesday,0.974
2024-12-12,B+,12.0,normal,Thursday,0.9753
2024-12-13,B+,21.0,surge,Friday,0.9766
2024-12-14,B+,7.0,normal,Saturday,0.9779
2024-12-15,B+,7.0,normal,Sunday,0.9793
2024-12-16,B+,13.0,normal,Monday,0.9806
2024-12-17,B+,13.0,normal,Tuesday,0.9819
2024-12-18,B+,13.0,normal,Wednesday,0.9833
2024-12-19,B+,13.0,normal,Thursday,0.9846
2024-12-20,B+,20.0,surge,Friday,0.986
2024-12-21,B+,8.0,normal,Saturday,0.9873
2024-12-22,B+,8.0,normal,Sunday,0.9887
2024-12-23,B+,12.0,normal,Monday,0.99
2024-12-24,B+,12.0,normal,Tuesday,0.9914
2024-12-25,B+,14.0,high,Wednesday,0.9928
2024-12-26,B+,19.0,surge,Thursday,0.9942
2024-12-27,B+,14.0,normal,Friday,0.9955
2024-12-28,B+,8.0,normal,Saturday,0.9969
2024-12-29,B+,10.0,normal,Sunday,0.9983
2024-12-30,B+,14.0,normal,Monday,0.9997
2024-12-31,B+,14.0,normal,Tuesday,1.001
2023-01-01,AB+,3.0,normal,Sunday,1.0014
2023-01-02,AB+,5.0,normal,Monday,1.0028
2023-01-03,AB+,3.0,normal,Tuesday,1.0041
2023-01-04,AB+,5.0,normal,Wednesday,1.0055
2023-01-05,AB+,8.0,surge,Thursday,1.0069
2023-01-06,AB+,3.0,low,Friday,1.0082
2023-01-07,AB+,4.0,normal,Saturday,1.0096
2023-01-08,AB+,3.0,normal,Sunday,1.011
2023-01-09,AB+,5.0,normal,Monday,1.0123
2023-01-10,AB+,4.0,normal,Tuesday,1.0137
2023-01-11,AB+,6.0,normal,Wednesday,1.015
2023-01-12,AB+,3.0,low,Thursday,1.0164
2023-01-13,AB+,7.0,high,Friday,1.0177
2023-01-14,AB+,3.0,normal,Saturday,1.0191
2023-01-15,AB+,1.0,normal,Sunday,1.0204
2023-01-16,AB+,6.0,normal,Monday,1.0217
2023-01-17,AB+,7.0,high,Tuesday,1.0231
2023-01-18,AB+,4.0,normal,Wednesday,1.0244
2023-01-19,AB+,4.0,normal,Thursday,1.0257
2023-01-20,AB+,5.0,low,Friday,1.027
2023-01-21,AB+,2.0,normal,Saturday,1.0283
2023-01-22,AB+,3.0,normal,Sunday,1.0296
2023-01-23,AB+,7.0,normal,Monday,1.0308
2023-01-24,AB+,7.0,high,Tuesday,1.0321
2023-01-25,AB+,6.0,normal,Wednesday,1.0334
2023-01-26,AB+,5.0,normal,Thursday,1.0346
2023-01-27,AB+,5.0,high,Friday,1.0358
2023-01-28,AB+,4.0,normal,Saturday,1.0371
2023-01-29,AB+,2.0,normal,Sunday,1.0383
2023-01-30,AB+,4.0,normal,Monday,1.0395
2023-01-31,AB+,6.0,normal,Tuesday,1.0407
2023-02-01,AB+,5.0,normal,Wednesday,1.0418
2023-02-02,AB+,5.0,normal,Thursday,1.043
2023-02-03,AB+,5.0,normal,Friday,1.0442
2023-02-04,AB+,3.0,normal,Saturday,1.0453
2023-02-05,AB+,3.0,normal,Sunday,1.0464
2023-02-06,AB+,7.0,high,Monday,1.0476
2023-02-07,AB+,7.0,normal,Tuesday,1.0486
2023-02-08,AB+,6.0,normal,Wednesday,1.0497
2023-02-09,AB+,5.0,normal,Thursday,1.0508
2023-02-10,AB+,7.0,normal,Friday,1.0519
2023-02-11,AB+,4.0,normal,Saturday,1.0529
2023-02-12,AB+,4.0,normal,Sunday,1.0539
2023-02-13,AB+,4.0,normal,Monday,1.0549
2023-02-14,AB+,5.0,normal,Tuesday,1.0559
2023-02-15,AB+,6.0,normal,Wednesday,1.0569
2023-02-16,AB+,5.0,normal,Thursday,1.0579
2023-02-17,AB+,7.0,high,Friday,1.0588
2023-02-18,AB+,4.0,normal,Saturday,1.0597
2023-02-19,AB+,4.0,normal,Sunday,1.0606
2023-02-20,AB+,9.0,surge,Monday,1.0615
2023-02-21,AB+,6.0,normal,Tuesday,1.0624
2023-02-22,AB+,5.0,normal,Wednesday,1.0632
2023-02-23,AB+,4.0,normal,Thursday,1.0641
2023-02-24,AB+,5.0,normal,Friday,1.0649
2023-02-25,AB+,2.0,normal,Saturday,1.0657
2023-02-26,AB+,3.0,normal,Sunday,1.0665
2023-02-27,AB+,6.0,normal,Monday,1.0672
2023-02-28,AB+,5.0,normal,Tuesday,1.068
2023-03-01,AB+,6.0,normal,Wednesday,1.0687
2023-03-02,AB+,8.0,normal,Thursday,1.0694
2023-03-03,AB+,5.0,normal,Friday,1.07
2023-03-04,AB+,4.0,normal,Saturday,1.0707
2023-03-05,AB+,5.0,surge,Sunday,1.0713
2023-03-06,AB+,5.0,normal,Monday,1.0719
2023-03-07,AB+,6.0,normal,Tuesday,1.0725
2023-03-08,AB+,5.0,normal,Wednesday,1.0731
2023-03-09,AB+,5.0,normal,Thursday,1.0737
2023-03-10,AB+,6.0,high,Friday,1.0742
2023-03-11,AB+,5.0,high,Saturday,1.0747
2023-03-12,AB+,4.0,normal,Sunday,1.0752
2023-03-13,AB+,4.0,low,Monday,1.0756
2023-03-14,AB+,6.0,normal,Tuesday,1.0761
2023-03-15,AB+,6.0,normal,Wednesday,1.0765
2023-03-16,AB+,6.0,normal,Thursday,1.0769
2023-03-17,AB+,5.0,normal,Friday,1.0772
2023-03-18,AB+,3.0,normal,Saturday,1.0776
2023-03-19,AB+,2.0,low,Sunday,1.0779
2023-03-20,AB+,5.0,normal,Monday,1.0782
2023-03-21,AB+,5.0,normal,Tuesday,1.0785
2023-03-22,AB+,3.0,low,Wednesday,1.0787
2023-03-23,AB+,4.0,normal,Thursday,1.079
2023-03-24,AB+,5.0,normal,Friday,1.0792
2023-03-25,AB+,4.0,normal,Saturday,1.0794
2023-03-26,AB+,3.0,low,Sunday,1.0795
2023-03-27,AB+,7.0,normal,Monday,1.0797
2023-03-28,AB+,5.0,normal,Tuesday,1.0798
2023-03-29,AB+,6.0,normal,Wednesday,1.0799
2023-03-30,AB+,6.0,normal,Thursday,1.0799
2023-03-31,AB+,5.0,normal,Friday,1.08
2023-04-01,AB+,3.0,low,Saturday,1.08
2023-04-02,AB+,3.0,normal,Sunday,1.08
2023-04-03,AB+,4.0,normal,Monday,1.08
2023-04-04,AB+,6.0,normal,Tuesday,1.0799
2023-04-05,AB+,6.0,normal,Wednesday,1.0798
2023-04-06,AB+,6.0,normal,Thursday,1.0797
2023-04-07,AB+,5.0,normal,Friday,1.0796
2023-04-08,AB+,4.0,high,Saturday,1.0795
2023-04-09,AB+,5.0,normal,Sunday,1.0793
2023-04-10,AB+,6.0,normal,Monday,1.0791
2023-04-11,AB+,8.0,surge,Tuesday,1.0789
2023-04-12,AB+,9.0,surge,Wednesday,1.0787
2023-04-13,AB+,4.0,low,Thursday,1.0784
2023-04-14,AB+,6.0,normal,Friday,1.0781
2023-04-15,AB+,4.0,normal,Saturday,1.0778
2023-04-16,AB+,3.0,normal,Sunday,1.0775
2023-04-17,AB+,7.0,high,Monday,1.0771
2023-04-18,AB+,5.0,normal,Tuesday,1.0767
2023-04-19,AB+,7.0,high,Wednesday,1.0763
2023-04-20,AB+,8.0,high,Thursday,1.0759
2023-04-21,AB+,5.0,normal,Friday,1.0755
2023-04-22,AB+,6.0,high,Saturday,1.075
2023-04-23,AB+,4.0,normal,Sunday,1.0745
2023-04-24,AB+,6.0,normal,Monday,1.074
2023-04-25,AB+,6.0,normal,Tuesday,1.0734
2023-04-26,AB+,6.0,normal,Wednesday,1.0729
2023-04-27,AB+,7.0,high,Thursday,1.0723
2023-04-28,AB+,4.0,high,Friday,1.0717
2023-04-29,AB+,4.0,normal,Saturday,1.0711
2023-04-30,AB+,3.0,high,Sunday,1.0705
2023-05-01,AB+,6.0,normal,Monday,1.0698
2023-05-02,AB+,6.0,normal,Tuesday,1.0691
2023-05-03,AB+,7.0,normal,Wednesday,1.0684
2023-05-04,AB+,5.0,normal,Thursday,1.0677
2023-05-05,AB+,5.0,normal,Friday,1.0669
2023-05-06,AB+,3.0,normal,Saturday,1.0662
2023-05-07,AB+,4.0,normal,Sunday,1.0654
2023-05-08,AB+,5.0,normal,Monday,1.0646
2023-05-09,AB+,6.0,normal,Tuesday,1.0638
2023-05-10,AB+,4.0,normal,Wednesday,1.0629
2023-05-11,AB+,5.0,normal,Thursday,1.0621
2023-05-12,AB+,7.0,normal,Friday,1.0612
2023-05-13,AB+,3.0,normal,Saturday,1.0603
2023-05-14,AB+,4.0,normal,Sunday,1.0594
2023-05-15,AB+,6.0,normal,Monday,1.0585
2023-05-16,AB+,6.0,normal,Tuesday,1.0575
2023-05-17,AB+,7.0,normal,Wednesday,1.0565
2023-05-18,AB+,7.0,high,Thursday,1.0556
2023-05-19,AB+,6.0,normal,Friday,1.0546
2023-05-20,AB+,4.0,normal,Saturday,1.0535
2023-05-21,AB+,5.0,normal,Sunday,1.0525
2023-05-22,AB+,5.0,normal,Monday,1.0515
2023-05-23,AB+,7.0,normal,Tuesday,1.0504
2023-05-24,AB+,5.0,normal,Wednesday,1.0493
2023-05-25,AB+,7.0,normal,Thursday,1.0482
2023-05-26,AB+,5.0,normal,Friday,1.0471
2023-05-27,AB+,5.0,high,Saturday,1.046
2023-05-28,AB+,3.0,normal,Sunday,1.0449
2023-05-29,AB+,6.0,normal,Monday,1.0437
2023-05-30,AB+,6.0,normal,Tuesday,1.0426
2023-05-31,AB+,9.0,surge,Wednesday,1.0414
2023-06-01,AB+,5.0,normal,Thursday,1.0402
2023-06-02,AB+,5.0,high,Friday,1.039
2023-06-03,AB+,2.0,normal,Saturday,1.0378
2023-06-04,AB+,2.0,normal,Sunday,1.0366
2023-06-05,AB+,5.0,normal,Monday,1.0354
2023-06-06,AB+,3.0,low,Tuesday,1.0341
2023-06-07,AB+,3.0,low,Wednesday,1.0329
2023-06-08,AB+,5.0,normal,Thursday,1.0316
2023-06-09,AB+,5.0,normal,Friday,1.0304
2023-06-10,AB+,3.0,normal,Saturday,1.0291
2023-06-11,AB+,3.0,normal,Sunday,1.0278
2023-06-12,AB+,6.0,normal,Monday,1.0265
2023-06-13,AB+,5.0,normal,Tuesday,1.0252
2023-06-14,AB+,5.0,normal,Wednesday,1.0239
2023-06-15,AB+,7.0,high,Thursday,1.0226
2023-06-16,AB+,6.0,high,Friday,1.0212
2023-06-17,AB+,3.0,normal,Saturday,1.0199
2023-06-18,AB+,2.0,low,Sunday,1.0186
2023-06-19,AB+,6.0,normal,Monday,1.0172
2023-06-20,AB+,6.0,normal,Tuesday,1.0159
2023-06-21,AB+,5.0,normal,Wednesday,1.0145
2023-06-22,AB+,5.0,normal,Thursday,1.0132
2023-06-23,AB+,9.0,surge,Friday,1.0118
2023-06-24,AB+,3.0,low,Saturday,1.0105
2023-06-25,AB+,4.0,normal,Sunday,1.0091
2023-06-26,AB+,5.0,normal,Monday,1.0077
2023-06-27,AB+,7.0,normal,Tuesday,1.0064
2023-06-28,AB+,5.0,normal,Wednesday,1.005
2023-06-29,AB+,5.0,normal,Thursday,1.0036
2023-06-30,AB+,4.0,normal,Friday,1.0022
2023-07-01,AB+,3.0,normal,Saturday,1.0009
2023-07-02,AB+,4.0,normal,Sunday,0.9995
2023-07-03,AB+,6.0,normal,Monday,0.9981
2023-07-04,AB+,4.0,low,Tuesday,0.9967
2023-07-05,AB+,9.0,surge,Wednesday,0.9954
2023-07-06,AB+,6.0,normal,Thursday,0.994
2023-07-07,AB+,6.0,normal,Friday,0.9926
2023-07-08,AB+,2.0,normal,Saturday,0.9912
2023-07-09,AB+,4.0,normal,Sunday,0.9899
2023-07-10,AB+,6.0,normal,Monday,0.9885
2023-07-11,AB+,5.0,normal,Tuesday,0.9872
2023-07-12,AB+,6.0,normal,Wednesday,0.9858
2023-07-13,AB+,6.0,normal,Thursday,0.9844
2023-07-14,AB+,5.0,normal,Friday,0.9831
2023-07-15,AB+,4.0,normal,Saturday,0.9818
2023-07-16,AB+,5.0,surge,Sunday,0.9804
2023-07-17,AB+,4.0,high,Monday,0.9791
2023-07-18,AB+,5.0,normal,Tuesday,0.9778
2023-07-19,AB+,5.0,normal,Wednesday,0.9764
2023-07-20,AB+,5.0,normal,Thursday,0.9751
2023-07-21,AB+,5.0,normal,Friday,0.9738
2023-07-22,AB+,3.0,normal,Saturday,0.9725
2023-07-23,AB+,5.0,normal,Sunday,0.9712
2023-07-24,AB+,6.0,high,Monday,0.97
2023-07-25,AB+,3.0,low,Tuesday,0.9687
2023-07-26,AB+,6.0,normal,Wednesday,0.9674
2023-07-27,AB+,5.0,normal,Thursday,0.9662
2023-07-28,AB+,5.0,normal,Friday,0.9649
2023-07-29,AB+,3.0,normal,Saturday,0.9637
2023-07-30,AB+,4.0,high,Sunday,0.9625
2023-07-31,AB+,4.0,normal,Monday,0.9613
2023-08-01,AB+,6.0,normal,Tuesday,0.9601
2023-08-02,AB+,6.0,normal,Wednesday,0.9589
2023-08-03,AB+,7.0,normal,Thursday,0.9577
2023-08-04,AB+,5.0,normal,Friday,0.9566
2023-08-05,AB+,2.0,normal,Saturday,0.9554
2023-08-06,AB+,3.0,normal,Sunday,0.9543
2023-08-07,AB+,5.0,normal,Monday,0.9531
2023-08-08,AB+,6.0,normal,Tuesday,0.952
2023-08-09,AB+,4.0,normal,Wednesday,0.9509
2023-08-10,AB+,4.0,normal,Thursday,0.9499
2023-08-11,AB+,4.0,low,Friday,0.9488
2023-08-12,AB+,5.0,normal,Saturday,0.9477
2023-08-13,AB+,4.0,normal,Sunday,0.9467
2023-08-14,AB+,6.0,normal,Monday,0.9457
2023-08-15,AB+,4.0,normal,Tuesday,0.9447
2023-08-16,AB+,5.0,normal,Wednesday,0.9437
2023-08-17,AB+,6.0,normal,Thursday,0.9427
2023-08-18,AB+,5.0,normal,Friday,0.9418
2023-08-19,AB+,2.0,normal,Saturday,0.9408
2023-08-20,AB+,4.0,high,Sunday,0.9399
2023-08-21,AB+,6.0,normal,Monday,0.939
2023-08-22,AB+,2.0,normal,Tuesday,0.9381
2023-08-23,AB+,3.0,low,Wednesday,0.9373
2023-08-24,AB+,4.0,normal,Thursday,0.9364
2023-08-25,AB+,4.0,low,Friday,0.9356
2023-08-26,AB+,3.0,normal,Saturday,0.9348
2023-08-27,AB+,3.0,normal,Sunday,0.934
2023-08-28,AB+,5.0,normal,Monday,0.9333
2023-08-29,AB+,5.0,normal,Tuesday,0.9325
2023-08-30,AB+,7.0,normal,Wednesday,0.9318
2023-08-31,AB+,4.0,normal,Thursday,0.9311
2023-09-01,AB+,5.0,normal,Friday,0.9304
2023-09-02,AB+,3.0,normal,Saturday,0.9297
2023-09-03,AB+,3.0,normal,Sunday,0.9291
2023-09-04,AB+,7.0,normal,Monday,0.9284
2023-09-05,AB+,5.0,normal,Tuesday,0.9278
2023-09-06,AB+,4.0,normal,Wednesday,0.9272
2023-09-07,AB+,6.0,normal,Thursday,0.9267
2023-09-08,AB+,6.0,normal,Friday,0.9261
2023-09-09,AB+,3.0,normal,Saturday,0.9256
2023-09-10,AB+,4.0,normal,Sunday,0.9251
2023-09-11,AB+,4.0,normal,Monday,0.9247
2023-09-12,AB+,4.0,normal,Tuesday,0.9242
2023-09-13,AB+,3.0,normal,Wednesday,0.9238
2023-09-14,AB+,3.0,normal,Thursday,0.9234
2023-09-15,AB+,7.0,high,Friday,0.923
2023-09-16,AB+,3.0,normal,Saturday,0.9226
2023-09-17,AB+,2.0,normal,Sunday,0.9223
2023-09-18,AB+,5.0,normal,Monday,0.922
2023-09-19,AB+,8.0,surge,Tuesday,0.9217
2023-09-20,AB+,4.0,normal,Wednesday,0.9214
2023-09-21,AB+,5.0,normal,Thursday,0.9212
2023-09-22,AB+,7.0,normal,Friday,0.9209
2023-09-23,AB+,3.0,normal,Saturday,0.9207
2023-09-24,AB+,2.0,normal,Sunday,0.9206
2023-09-25,AB+,4.0,normal,Monday,0.9204
2023-09-26,AB+,3.0,normal,Tuesday,0.9203
2023-09-27,AB+,5.0,normal,Wednesday,0.9202
2023-09-28,AB+,4.0,normal,Thursday,0.9201
2023-09-29,AB+,4.0,normal,Friday,0.92
2023-09-30,AB+,7.0,surge,Saturday,0.92
2023-10-01,AB+,2.0,normal,Sunday,0.92
2023-10-02,AB+,4.0,normal,Monday,0.92
2023-10-03,AB+,5.0,high,Tuesday,0.9201
2023-10-04,AB+,6.0,normal,Wednesday,0.9201
2023-10-05,AB+,5.0,normal,Thursday,0.9202
2023-10-06,AB+,4.0,normal,Friday,0.9203
2023-10-07,AB+,3.0,high,Saturday,0.9204
2023-10-08,AB+,3.0,normal,Sunday,0.9206
2023-10-09,AB+,5.0,normal,Monday,0.9208
2023-10-10,AB+,5.0,normal,Tuesday,0.921
2023-10-11,AB+,5.0,normal,Wednesday,0.9212
2023-10-12,AB+,4.0,normal,Thursday,0.9214
2023-10-13,AB+,4.0,normal,Friday,0.9217
2023-10-14,AB+,4.0,normal,Saturday,0.922
2023-10-15,AB+,3.0,normal,Sunday,0.9223
2023-10-16,AB+,3.0,normal,Monday,0.9227
2023-10-17,AB+,5.0,normal,Tuesday,0.923
2023-10-18,AB+,7.0,normal,Wednesday,0.9234
2023-10-19,AB+,6.0,normal,Thursday,0.9238
2023-10-20,AB+,7.0,surge,Friday,0.9243
2023-10-21,AB+,3.0,high,Saturday,0.9247
2023-10-22,AB+,3.0,normal,Sunday,0.9252
2023-10-23,AB+,6.0,normal,Monday,0.9257
2023-10-24,AB+,3.0,normal,Tuesday,0.9262
2023-10-25,AB+,5.0,normal,Wednesday,0.9268
2023-10-26,AB+,5.0,normal,Thursday,0.9273
2023-10-27,AB+,5.0,normal,Friday,0.9279
2023-10-28,AB+,2.0,normal,Saturday,0.9285
2023-10-29,AB+,5.0,high,Sunday,0.9291
2023-10-30,AB+,6.0,normal,Monday,0.9298
2023-10-31,AB+,6.0,normal,Tuesday,0.9305
2023-11-01,AB+,7.0,normal,Wednesday,0.9312
2023-11-02,AB+,5.0,normal,Thursday,0.9319
2023-11-03,AB+,5.0,normal,Friday,0.9326
2023-11-04,AB+,4.0,high,Saturday,0.9333
2023-11-05,AB+,3.0,normal,Sunday,0.9341
2023-11-06,AB+,3.0,low,Monday,0.9349
2023-11-07,AB+,5.0,normal,Tuesday,0.9357
2023-11-08,AB+,6.0,normal,Wednesday,0.9365
2023-11-09,AB+,5.0,normal,Thursday,0.9374
2023-11-10,AB+,6.0,normal,Friday,0.9383
2023-11-11,AB+,2.0,low,Saturday,0.9391
2023-11-12,AB+,4.0,normal,Sunday,0.94
2023-11-13,AB+,5.0,normal,Monday,0.941
2023-11-14,AB+,7.0,high,Tuesday,0.9419
2023-11-15,AB+,4.0,normal,Wednesday,0.9429
2023-11-16,AB+,4.0,low,Thursday,0.9438
2023-11-17,AB+,4.0,normal,Friday,0.9448
2023-11-18,AB+,2.0,low,Saturday,0.9458
2023-11-19,AB+,3.0,normal,Sunday,0.9468
2023-11-20,AB+,5.0,normal,Monday,0.9479
2023-11-21,AB+,4.0,low,Tuesday,0.9489
2023-11-22,AB+,5.0,normal,Wednesday,0.95
2023-11-23,AB+,5.0,normal,Thursday,0.9511
2023-11-24,AB+,6.0,normal,Friday,0.9522
2023-11-25,AB+,5.0,surge,Saturday,0.9533
2023-11-26,AB+,2.0,normal,Sunday,0.9544
2023-11-27,AB+,5.0,high,Monday,0.9555
2023-11-28,AB+,5.0,normal,Tuesday,0.9567
2023-11-29,AB+,6.0,high,Wednesday,0.9579
2023-11-30,AB+,4.0,normal,Thursday,0.959
2023-12-01,AB+,6.0,high,Friday,0.9602
2023-12-02,AB+,4.0,normal,Saturday,0.9614
2023-12-03,AB+,3.0,high,Sunday,0.9626
2023-12-04,AB+,5.0,normal,Monday,0.9639
2023-12-05,AB+,5.0,normal,Tuesday,0.9651
2023-12-06,AB+,5.0,normal,Wednesday,0.9663
2023-12-07,AB+,5.0,normal,Thursday,0.9676
2023-12-08,AB+,4.0,normal,Friday,0.9688
2023-12-09,AB+,2.0,normal,Saturday,0.9701
2023-12-10,AB+,4.0,normal,Sunday,0.9714
2023-12-11,AB+,4.0,normal,Monday,0.9727
2023-12-12,AB+,6.0,high,Tuesday,0.974
2023-12-13,AB+,5.0,normal,Wednesday,0.9753
2023-12-14,AB+,5.0,normal,Thursday,0.9766
2023-12-15,AB+,6.0,normal,Friday,0.9779
2023-12-16,AB+,4.0,normal,Saturday,0.9793
2023-12-17,AB+,2.0,normal,Sunday,0.9806
2023-12-18,AB+,3.0,normal,Monday,0.9819
2023-12-19,AB+,5.0,normal,Tuesday,0.9833
2023-12-20,AB+,4.0,normal,Wednesday,0.9846
2023-12-21,AB+,7.0,high,Thursday,0.986
2023-12-22,AB+,5.0,normal,Friday,0.9873
2023-12-23,AB+,2.0,normal,Saturday,0.9887
2023-12-24,AB+,2.0,low,Sunday,0.99
2023-12-25,AB+,5.0,high,Monday,0.9914
2023-12-26,AB+,5.0,normal,Tuesday,0.9928
2023-12-27,AB+,4.0,normal,Wednesday,0.9942
2023-12-28,AB+,8.0,high,Thursday,0.9955
2023-12-29,AB+,4.0,normal,Friday,0.9969
2023-12-30,AB+,3.0,normal,Saturday,0.9983
2023-12-31,AB+,4.0,high,Sunday,0.9997
2024-01-01,AB+,6.0,normal,Monday,1.0014
2024-01-02,AB+,5.0,normal,Tuesday,1.0028
2024-01-03,AB+,5.0,normal,Wednesday,1.0041
2024-01-04,AB+,8.0,surge,Thursday,1.0055
2024-01-05,AB+,6.0,high,Friday,1.0069
2024-01-06,AB+,4.0,surge,Saturday,1.0082
2024-01-07,AB+,3.0,normal,Sunday,1.0096
2024-01-08,AB+,3.0,normal,Monday,1.011
2024-01-09,AB+,6.0,high,Tuesday,1.0123
2024-01-10,AB+,5.0,normal,Wednesday,1.0137
2024-01-11,AB+,7.0,normal,Thursday,1.015
2024-01-12,AB+,7.0,normal,Friday,1.0164
2024-01-13,AB+,4.0,normal,Saturday,1.0177
2024-01-14,AB+,5.0,high,Sunday,1.0191
2024-01-15,AB+,6.0,high,Monday,1.0204
2024-01-16,AB+,7.0,high,Tuesday,1.0217
2024-01-17,AB+,7.0,high,Wednesday,1.0231
2024-01-18,AB+,5.0,normal,Thursday,1.0244
2024-01-19,AB+,3.0,low,Friday,1.0257
2024-01-20,AB+,4.0,normal,Saturday,1.027
2024-01-21,AB+,2.0,normal,Sunday,1.0283
2024-01-22,AB+,6.0,normal,,1.0296
2024-01-23,AB+,8.0,high,Tuesday,1.0308
2024-01-24,AB+,6.0,high,Wednesday,1.0321
2024-01-25,AB+,5.0,normal,Thursday,1.0334
2024-01-26,AB+,8.0,high,Friday,1.0346
2024-01-27,AB+,3.0,normal,Saturday,1.0358
2024-01-28,AB+,4.0,normal,Sunday,1.0371
2024-01-29,AB+,5.0,normal,Monday,1.0383
2024-01-30,AB+,5.0,normal,Tuesday,1.0395
2024-01-31,AB+,6.0,normal,Wednesday,1.0407
2024-02-01,AB+,7.0,normal,Thursday,1.0418
2024-02-02,AB+,7.0,high,Friday,1.043
2024-02-03,AB+,3.0,normal,Saturday,1.0442
2024-02-04,AB+,4.0,normal,Sunday,1.0453
2024-02-05,AB+,5.0,normal,Monday,1.0464
2024-02-06,AB+,6.0,high,Tuesday,1.0476
2024-02-07,AB+,6.0,normal,Wednesday,1.0486
2024-02-08,AB+,6.0,normal,Thursday,1.0497
2024-02-09,AB+,5.0,normal,Friday,1.0508
2024-02-10,AB+,3.0,normal,Saturday,1.0519
2024-02-11,AB+,3.0,normal,Sunday,1.0529
2024-02-12,AB+,6.0,normal,Monday,1.0539
2024-02-13,AB+,6.0,high,Tuesday,1.0549
2024-02-14,AB+,5.0,normal,Wednesday,1.0559
2024-02-15,AB+,5.0,normal,Thursday,1.0569
2024-02-16,AB+,4.0,normal,Friday,1.0579
2024-02-17,AB+,4.0,low,Saturday,1.0588
2024-02-18,AB+,3.0,normal,Sunday,1.0597
2024-02-19,AB+,7.0,normal,Monday,1.0606
2024-02-20,AB+,6.0,normal,Tuesday,1.0615
2024-02-21,AB+,7.0,high,Wednesday,1.0624
2024-02-22,AB+,3.0,low,Thursday,1.0632
2024-02-23,AB+,3.0,low,Friday,1.0641
2024-02-24,AB+,3.0,normal,Saturday,1.0649
2024-02-25,AB+,5.0,normal,Sunday,1.0657
2024-02-26,AB+,5.0,normal,Monday,1.0665
2024-02-27,AB+,4.0,normal,Tuesday,1.0672
2024-02-28,AB+,7.0,normal,Wednesday,1.068
2024-02-29,AB+,6.0,normal,Thursday,1.0687
2024-03-01,AB+,4.0,low,Friday,1.0694
2024-03-02,AB+,5.0,normal,Saturday,1.07
2024-03-03,AB+,5.0,normal,Sunday,1.0707
2024-03-04,AB+,4.0,normal,Monday,1.0713
2024-03-05,AB+,8.0,surge,Tuesday,1.0719
2024-03-06,AB+,4.0,low,Wednesday,1.0725
2024-03-07,AB+,6.0,normal,Thursday,1.0731
2024-03-08,AB+,6.0,normal,Friday,1.0737
2024-03-09,AB+,3.0,normal,Saturday,1.0742
2024-03-10,AB+,3.0,normal,Sunday,1.0747
2024-03-11,AB+,6.0,normal,Monday,1.0752
2024-03-12,AB+,6.0,normal,Tuesday,1.0756
2024-03-13,AB+,7.0,normal,Wednesday,1.0761
2024-03-14,AB+,6.0,high,Thursday,1.0765
2024-03-15,AB+,7.0,high,Friday,1.0769
2024-03-16,AB+,2.0,low,Saturday,1.0772
2024-03-17,AB+,2.0,normal,Sunday,1.0776
2024-03-18,AB+,6.0,normal,Monday,1.0779
2024-03-19,AB+,6.0,high,Tuesday,1.0782
2024-03-20,AB+,5.0,normal,Wednesday,1.0785
2024-03-21,AB+,6.0,normal,Thursday,1.0787
2024-03-22,AB+,5.0,normal,Friday,1.079
2024-03-23,AB+,4.0,high,Saturday,1.0792
2024-03-24,AB+,5.0,normal,Sunday,1.0794
2024-03-25,AB+,8.0,high,Monday,1.0795
2024-03-26,AB+,4.0,normal,Tuesday,1.0797
2024-03-27,AB+,6.0,normal,Wednesday,1.0798
2024-03-28,AB+,6.0,normal,Thursday,1.0799
2024-03-29,AB+,5.0,normal,Friday,1.0799
2024-03-30,AB+,2.0,low,Saturday,1.08
2024-03-31,AB+,2.0,normal,Sunday,1.08
2024-04-01,AB+,8.0,normal,Monday,1.08
2024-04-02,AB+,7.0,high,Tuesday,1.08
2024-04-03,AB+,6.0,normal,Wednesday,1.0799
2024-04-04,AB+,4.0,low,Thursday,1.0798
2024-04-05,AB+,5.0,normal,Friday,1.0797
2024-04-06,AB+,4.0,normal,Saturday,1.0796
2024-04-07,AB+,3.0,low,Sunday,1.0795
2024-04-08,AB+,6.0,normal,Monday,1.0793
2024-04-09,AB+,6.0,normal,Tuesday,1.0791
2024-04-10,AB+,6.0,normal,Wednesday,1.0789
2024-04-11,AB+,7.0,normal,Thursday,1.0787
2024-04-12,AB+,6.0,normal,Friday,1.0784
2024-04-13,AB+,4.0,normal,Saturday,1.0781
2024-04-14,AB+,2.0,normal,Sunday,1.0778
2024-04-15,AB+,6.0,normal,Monday,1.0775
2024-04-16,AB+,4.0,low,Tuesday,1.0771
2024-04-17,AB+,5.0,normal,Wednesday,1.0767
2024-04-18,AB+,4.0,normal,Thursday,1.0763
2024-04-19,AB+,6.0,normal,Friday,1.0759
2024-04-20,AB+,4.0,normal,Saturday,1.0755
2024-04-21,AB+,4.0,high,Sunday,1.075
2024-04-22,AB+,5.0,normal,Monday,1.0745
2024-04-23,AB+,7.0,high,Tuesday,1.074
2024-04-24,AB+,5.0,normal,Wednesday,1.0734
2024-04-25,AB+,6.0,high,Thursday,1.0729
2024-04-26,AB+,5.0,normal,Friday,1.0723
2024-04-27,AB+,4.0,normal,Saturday,1.0717
2024-04-28,AB+,3.0,normal,Sunday,1.0711
2024-04-29,AB+,7.0,normal,Monday,1.0705
2024-04-30,AB+,4.0,low,Tuesday,1.0698
2024-05-01,AB+,6.0,normal,Wednesday,1.0691
2024-05-02,AB+,6.0,normal,Thursday,1.0684
2024-05-03,AB+,8.0,surge,Friday,1.0677
2024-05-04,AB+,4.0,normal,Saturday,1.0669
2024-05-05,AB+,3.0,normal,Sunday,1.0662
2024-05-06,AB+,7.0,normal,Monday,1.0654
2024-05-07,AB+,7.0,normal,Tuesday,1.0646
2024-05-08,AB+,6.0,normal,Wednesday,1.0638
2024-05-09,AB+,8.0,high,Thursday,1.0629
2024-05-10,AB+,5.0,normal,Friday,1.0621
2024-05-11,AB+,5.0,high,Saturday,1.0612
2024-05-12,AB+,3.0,normal,Sunday,1.0603
2024-05-13,AB+,6.0,normal,Monday,1.0594
2024-05-14,AB+,4.0,normal,Tuesday,1.0585
2024-05-15,AB+,6.0,normal,Wednesday,1.0575
2024-05-16,AB+,5.0,normal,Thursday,1.0565
2024-05-17,AB+,6.0,normal,Friday,1.0556
2024-05-18,AB+,6.0,high,Saturday,1.0546
2024-05-19,AB+,4.0,normal,Sunday,1.0535
2024-05-20,AB+,6.0,normal,Monday,1.0525
2024-05-21,AB+,7.0,high,Tuesday,1.0515
2024-05-22,AB+,8.0,high,Wednesday,1.0504
2024-05-23,AB+,6.0,normal,Thursday,1.0493
2024-05-24,AB+,6.0,normal,Friday,1.0482
2024-05-25,AB+,4.0,high,Saturday,1.0471
2024-05-26,AB+,4.0,high,Sunday,1.046
2024-05-27,AB+,7.0,high,Monday,1.0449
2024-05-28,AB+,4.0,normal,Tuesday,1.0437
2024-05-29,AB+,7.0,high,Wednesday,1.0426
2024-05-30,AB+,5.0,normal,Thursday,1.0414
2024-05-31,AB+,5.0,low,Friday,1.0402
2024-06-01,AB+,5.0,surge,Saturday,1.039
2024-06-02,AB+,4.0,normal,Sunday,1.0378
2024-06-03,AB+,5.0,normal,Monday,1.0366
2024-06-04,AB+,7.0,high,Tuesday,1.0354
2024-06-05,AB+,6.0,normal,Wednesday,1.0341
2024-06-06,AB+,5.0,normal,Thursday,1.0329
2024-06-07,AB+,7.0,normal,Friday,1.0316
2024-06-08,AB+,5.0,normal,Saturday,1.0304
2024-06-09,AB+,5.0,normal,Sunday,1.0291
2024-06-10,AB+,6.0,normal,Monday,1.0278
2024-06-11,AB+,5.0,normal,Tuesday,1.0265
2024-06-12,AB+,6.0,normal,Wednesday,1.0252
2024-06-13,AB+,5.0,normal,Thursday,1.0239
2024-06-14,AB+,6.0,normal,Friday,1.0226
2024-06-15,AB+,3.0,normal,Saturday,1.0212
2024-06-16,AB+,4.0,normal,Sunday,1.0199
2024-06-17,AB+,5.0,low,Monday,1.0186
2024-06-18,AB+,5.0,normal,Tuesday,1.0172
2024-06-19,AB+,5.0,normal,Wednesday,1.0159
2024-06-20,AB+,4.0,normal,Thursday,1.0145
2024-06-21,AB+,5.0,normal,Friday,1.0132
2024-06-22,AB+,4.0,normal,Saturday,1.0118
2024-06-23,AB+,4.0,normal,Sunday,1.0105
2024-06-24,AB+,6.0,normal,Monday,1.0091
2024-06-25,AB+,4.0,normal,Tuesday,1.0077
2024-06-26,AB+,5.0,normal,Wednesday,1.0064
2024-06-27,AB+,4.0,normal,Thursday,1.005
2024-06-28,AB+,6.0,normal,Friday,1.0036
2024-06-29,AB+,4.0,surge,Saturday,1.0022
2024-06-30,AB+,2.0,normal,Sunday,1.0009
2024-07-01,AB+,6.0,normal,Monday,0.9995
2024-07-02,AB+,5.0,normal,Tuesday,0.9981
2024-07-03,AB+,7.0,normal,Wednesday,0.9967
2024-07-04,AB+,6.0,normal,Thursday,0.9954
2024-07-05,AB+,6.0,high,Friday,0.994
2024-07-06,AB+,5.0,high,Saturday,0.9926
2024-07-07,AB+,3.0,normal,Sunday,0.9912
2024-07-08,AB+,6.0,normal,Monday,0.9899
2024-07-09,AB+,6.0,high,Tuesday,0.9885
2024-07-10,AB+,6.0,normal,Wednesday,0.9872
2024-07-11,AB+,5.0,high,Thursday,0.9858
2024-07-12,AB+,4.0,normal,Friday,0.9844
2024-07-13,AB+,3.0,high,Saturday,0.9831
2024-07-14,AB+,3.0,normal,Sunday,0.9818
2024-07-15,AB+,8.0,surge,Monday,0.9804
2024-07-16,AB+,5.0,normal,Tuesday,0.9791
2024-07-17,AB+,7.0,high,Wednesday,0.9778
2024-07-18,AB+,6.0,normal,Thursday,0.9764
2024-07-19,AB+,4.0,normal,Friday,0.9751
2024-07-20,AB+,4.0,normal,Saturday,0.9738
2024-07-21,AB+,3.0,normal,Sunday,0.9725
2024-07-22,AB+,5.0,low,Monday,0.9712
2024-07-23,AB+,4.0,normal,Tuesday,0.97
2024-07-24,AB+,3.0,normal,Wednesday,0.9687
2024-07-25,AB+,6.0,normal,Thursday,0.9674
2024-07-26,AB+,8.0,surge,Friday,0.9662
2024-07-27,AB+,2.0,normal,Saturday,0.9649
2024-07-28,AB+,2.0,normal,Sunday,0.9637
2024-07-29,AB+,6.0,normal,Monday,0.9625
2024-07-30,AB+,7.0,high,Tuesday,0.9613
2024-07-31,AB+,5.0,normal,Wednesday,0.9601
2024-08-01,AB+,6.0,normal,Thursday,0.9589
2024-08-02,AB+,5.0,normal,Friday,0.9577
2024-08-03,AB+,2.0,normal,Saturday,0.9566
2024-08-04,AB+,4.0,normal,Sunday,0.9554
2024-08-05,AB+,6.0,normal,Monday,0.9543
2024-08-06,AB+,5.0,normal,Tuesday,0.9531
2024-08-07,AB+,6.0,normal,Wednesday,0.952
2024-08-08,AB+,8.0,high,Thursday,0.9509
2024-08-09,AB+,4.0,normal,Friday,0.9499
2024-08-10,AB+,3.0,normal,Saturday,0.9488
2024-08-11,AB+,3.0,normal,Sunday,0.9477
2024-08-12,AB+,6.0,normal,Monday,0.9467
2024-08-13,AB+,4.0,normal,Tuesday,0.9457
2024-08-14,AB+,7.0,high,Wednesday,0.9447
2024-08-15,AB+,6.0,high,Thursday,0.9437
2024-08-16,AB+,4.0,normal,Friday,0.9427
2024-08-17,AB+,3.0,normal,Saturday,0.9418
2024-08-18,AB+,3.0,normal,Sunday,0.9408
2024-08-19,AB+,5.0,normal,Monday,0.9399
2024-08-20,AB+,5.0,normal,Tuesday,0.939
2024-08-21,AB+,5.0,high,Wednesday,0.9381
2024-08-22,AB+,5.0,normal,Thursday,0.9373
2024-08-23,AB+,5.0,normal,Friday,0.9364
2024-08-24,AB+,4.0,normal,Saturday,0.9356
2024-08-25,AB+,4.0,normal,Sunday,0.9348
2024-08-26,AB+,4.0,normal,Monday,0.934
2024-08-27,AB+,5.0,normal,Tuesday,0.9333
2024-08-28,AB+,8.0,surge,Wednesday,0.9325
2024-08-29,AB+,6.0,high,Thursday,0.9318
2024-08-30,AB+,4.0,normal,Friday,0.9311
2024-08-31,AB+,3.0,normal,Saturday,0.9304
2024-09-01,AB+,,normal,Sunday,0.9297
2024-09-02,AB+,4.0,normal,Monday,0.9291
2024-09-03,AB+,5.0,normal,Tuesday,0.9284
2024-09-04,AB+,5.0,normal,Wednesday,0.9278
2024-09-05,AB+,5.0,normal,Thursday,0.9272
2024-09-06,AB+,5.0,normal,Friday,0.9267
2024-09-07,AB+,5.0,normal,Saturday,0.9261
2024-09-08,AB+,3.0,normal,Sunday,0.9256
2024-09-09,AB+,8.0,surge,Monday,0.9251
2024-09-10,AB+,5.0,normal,Tuesday,0.9247
2024-09-11,AB+,5.0,normal,Wednesday,0.9242
2024-09-12,AB+,6.0,high,Thursday,0.9238
2024-09-13,AB+,4.0,normal,Friday,0.9234
2024-09-14,AB+,5.0,high,Saturday,0.923
2024-09-15,AB+,3.0,normal,Sunday,0.9226
2024-09-16,AB+,4.0,normal,Monday,0.9223
2024-09-17,AB+,7.0,high,Tuesday,0.922
2024-09-18,AB+,5.0,normal,Wednesday,0.9217
2024-09-19,AB+,6.0,normal,Thursday,0.9214
2024-09-20,AB+,5.0,high,Friday,0.9212
2024-09-21,AB+,4.0,normal,Saturday,0.9209
2024-09-22,AB+,2.0,low,Sunday,0.9207
2024-09-23,AB+,5.0,high,Monday,0.9206
2024-09-24,AB+,5.0,normal,Tuesday,0.9204
2024-09-25,AB+,7.0,high,Wednesday,0.9203
2024-09-26,AB+,4.0,normal,Thursday,0.9202
2024-09-27,AB+,5.0,high,Friday,0.9201
2024-09-28,AB+,3.0,normal,Saturday,0.92
2024-09-29,AB+,3.0,normal,Sunday,0.92
2024-09-30,AB+,6.0,normal,Monday,0.92
2024-10-01,AB+,5.0,normal,Tuesday,0.92
2024-10-02,AB+,5.0,normal,Wednesday,0.9201
2024-10-03,AB+,6.0,high,Thursday,0.9201
2024-10-04,AB+,6.0,normal,Friday,0.9202
2024-10-05,AB+,4.0,normal,Saturday,0.9203
2024-10-06,AB+,3.0,normal,Sunday,0.9204
2024-10-07,AB+,5.0,normal,Monday,0.9206
2024-10-08,AB+,5.0,normal,Tuesday,0.9208
2024-10-09,AB+,6.0,normal,Wednesday,0.921
2024-10-10,AB+,3.0,low,Thursday,0.9212
2024-10-11,AB+,8.0,surge,Friday,0.9214
2024-10-12,AB+,3.0,normal,Saturday,0.9217
2024-10-13,AB+,4.0,high,Sunday,0.922
2024-10-14,AB+,8.0,high,Monday,0.9223
2024-10-15,AB+,5.0,normal,Tuesday,0.9227
2024-10-16,AB+,6.0,high,Wednesday,0.923
2024-10-17,AB+,5.0,normal,Thursday,0.9234
2024-10-18,AB+,6.0,normal,Friday,0.9238
2024-10-19,AB+,4.0,normal,Saturday,0.9243
2024-10-20,AB+,1.0,normal,Sunday,0.9247
2024-10-21,AB+,2.0,normal,Monday,0.9252
2024-10-22,AB+,5.0,normal,Tuesday,0.9257
2024-10-23,AB+,5.0,normal,Wednesday,0.9262
2024-10-24,AB+,5.0,normal,Thursday,0.9268
2024-10-25,AB+,5.0,normal,Friday,0.9273
2024-10-26,AB+,3.0,low,Saturday,0.9279
2024-10-27,AB+,4.0,normal,Sunday,0.9285
2024-10-28,AB+,4.0,normal,Monday,0.9291
2024-10-29,AB+,4.0,normal,Tuesday,0.9298
2024-10-30,AB+,5.0,normal,Wednesday,0.9305
2024-10-31,AB+,6.0,normal,Thursday,0.9312
2024-11-01,AB+,6.0,high,Friday,0.9319
2024-11-02,AB+,1.0,normal,Saturday,0.9326
2024-11-03,AB+,3.0,normal,Sunday,0.9333
2024-11-04,AB+,5.0,normal,Monday,0.9341
2024-11-05,AB+,5.0,normal,Tuesday,0.9349
2024-11-06,AB+,6.0,normal,Wednesday,0.9357
2024-11-07,AB+,5.0,normal,Thursday,0.9365
2024-11-08,AB+,4.0,normal,Friday,0.9374
2024-11-09,AB+,3.0,high,Saturday,0.9383
2024-11-10,AB+,3.0,normal,Sunday,0.9391
2024-11-11,AB+,5.0,normal,Monday,0.94
2024-11-12,AB+,4.0,normal,Tuesday,0.941
2024-11-13,AB+,5.0,normal,Wednesday,0.9419
2024-11-14,AB+,5.0,normal,Thursday,0.9429
2024-11-15,AB+,5.0,normal,Friday,0.9438
2024-11-16,AB+,2.0,normal,Saturday,0.9448
2024-11-17,AB+,4.0,normal,Sunday,0.9458
2024-11-18,AB+,6.0,normal,Monday,0.9468
2024-11-19,AB+,7.0,normal,Tuesday,0.9479
2024-11-20,AB+,5.0,normal,Wednesday,0.9489
2024-11-21,AB+,6.0,normal,Thursday,0.95
2024-11-22,AB+,5.0,normal,Friday,0.9511
2024-11-23,AB+,3.0,normal,Saturday,0.9522
2024-11-24,AB+,3.0,normal,Sunday,0.9533
2024-11-25,AB+,6.0,normal,Monday,0.9544
2024-11-26,AB+,4.0,normal,Tuesday,0.9555
2024-11-27,AB+,6.0,normal,Wednesday,0.9567
2024-11-28,AB+,4.0,low,Thursday,0.9579
2024-11-29,AB+,7.0,high,Friday,0.959
2024-11-30,AB+,3.0,low,Saturday,0.9602
2024-12-01,AB+,3.0,surge,Sunday,0.9614
2024-12-02,AB+,6.0,high,Monday,0.9626
2024-12-03,AB+,6.0,normal,Tuesday,0.9639
2024-12-04,AB+,5.0,normal,Wednesday,0.9651
2024-12-05,AB+,5.0,normal,Thursday,0.9663
2024-12-06,AB+,5.0,normal,Friday,0.9676
2024-12-07,AB+,2.0,normal,Saturday,0.9688
2024-12-08,AB+,4.0,normal,Sunday,0.9701
2024-12-09,AB+,4.0,high,Monday,0.9714
2024-12-10,AB+,6.0,normal,Tuesday,0.9727
2024-12-11,AB+,6.0,high,Wednesday,0.974
2024-12-12,AB+,7.0,high,Thursday,0.9753
2024-12-13,AB+,4.0,normal,Friday,0.9766
2024-12-14,AB+,4.0,normal,Saturday,0.9779
2024-12-15,AB+,4.0,normal,Sunday,0.9793
2024-12-16,AB+,6.0,normal,Monday,0.9806
2024-12-17,AB+,4.0,normal,Tuesday,0.9819
2024-12-18,AB+,5.0,normal,Wednesday,0.9833
2024-12-19,AB+,6.0,normal,Thursday,0.9846
2024-12-20,AB+,5.0,low,Friday,0.986
2024-12-21,AB+,2.0,normal,Saturday,0.9873
2024-12-22,AB+,4.0,surge,Sunday,0.9887
2024-12-23,AB+,7.0,high,Monday,0.99
2024-12-24,AB+,7.0,normal,Tuesday,0.9914
2024-12-25,AB+,5.0,normal,Wednesday,0.9928
2024-12-26,AB+,6.0,high,Thursday,0.9942
2024-12-27,AB+,5.0,normal,Friday,0.9955
2024-12-28,AB+,3.0,normal,Saturday,0.9969
2024-12-29,AB+,4.0,normal,Sunday,0.9983
2024-12-30,AB+,4.0,low,Monday,0.9997
2024-12-31,AB+,8.0,normal,Tuesday,1.001
2023-01-01,O-,5.0,normal,Sunday,1.0014
2023-01-02,O-,9.0,normal,Monday,1.0028
2023-01-03,O-,8.0,normal,Tuesday,1.0041
2023-01-04,O-,7.0,normal,Wednesday,1.0055
2023-01-05,O-,8.0,normal,Thursday,1.0069
2023-01-06,O-,9.0,normal,Friday,1.0082
2023-01-07,O-,4.0,normal,Saturday,1.0096
2023-01-08,O-,6.0,normal,Sunday,1.011
2023-01-09,O-,5.0,low,Monday,1.0123
2023-01-10,O-,7.0,normal,Tuesday,1.0137
2023-01-11,O-,10.0,normal,Wednesday,1.015
2023-01-12,O-,8.0,normal,Thursday,1.0164
2023-01-13,O-,8.0,normal,Friday,1.0177
2023-01-14,O-,6.0,normal,Saturday,1.0191
2023-01-15,O-,5.0,normal,Sunday,1.0204
2023-01-16,O-,8.0,normal,Monday,1.0217
2023-01-17,O-,8.0,normal,Tuesday,1.0231
2023-01-18,O-,10.0,normal,Wednesday,1.0244
2023-01-19,O-,9.0,normal,Thursday,1.0257
2023-01-20,O-,11.0,high,Friday,1.027
2023-01-21,O-,5.0,normal,Saturday,1.0283
2023-01-22,O-,7.0,high,Sunday,1.0296
2023-01-23,O-,8.0,normal,Monday,1.0308
2023-01-24,O-,11.0,high,Tuesday,1.0321
2023-01-25,O-,7.0,normal,Wednesday,1.0334
2023-01-26,O-,9.0,normal,Thursday,1.0346
2023-01-27,O-,8.0,normal,Friday,1.0358
2023-01-28,O-,4.0,normal,Saturday,1.0371
2023-01-29,O-,7.0,high,Sunday,1.0383
2023-01-30,O-,6.0,low,Monday,1.0395
2023-01-31,O-,9.0,normal,Tuesday,1.0407
2023-02-01,O-,9.0,normal,Wednesday,1.0418
2023-02-02,O-,8.0,normal,Thursday,1.043
2023-02-03,O-,9.0,normal,Friday,1.0442
2023-02-04,O-,7.0,normal,Saturday,1.0453
2023-02-05,O-,6.0,normal,Sunday,1.0464
2023-02-06,O-,9.0,normal,Monday,1.0476
2023-02-07,O-,10.0,normal,Tuesday,1.0486
2023-02-08,O-,9.0,normal,Wednesday,1.0497
2023-02-09,O-,8.0,normal,Thursday,1.0508
2023-02-10,O-,9.0,normal,Friday,1.0519
2023-02-11,O-,6.0,normal,Saturday,1.0529
2023-02-12,O-,6.0,normal,Sunday,1.0539
2023-02-13,O-,10.0,high,Monday,1.0549
2023-02-14,O-,10.0,high,Tuesday,1.0559
2023-02-15,O-,8.0,normal,Wednesday,1.0569
2023-02-16,O-,8.0,normal,Thursday,1.0579
2023-02-17,O-,9.0,normal,Friday,1.0588
2023-02-18,O-,6.0,normal,Saturday,1.0597
2023-02-19,O-,6.0,normal,Sunday,1.0606
2023-02-20,O-,10.0,high,Monday,1.0615
2023-02-21,O-,8.0,normal,Tuesday,1.0624
2023-02-22,O-,7.0,low,Wednesday,1.0632
2023-02-23,O-,10.0,normal,Thursday,1.0641
2023-02-24,O-,9.0,normal,Friday,1.0649
2023-02-25,O-,6.0,normal,Saturday,1.0657
2023-02-26,O-,7.0,high,Sunday,1.0665
2023-02-27,O-,12.0,high,Monday,1.0672
2023-02-28,O-,10.0,normal,Tuesday,1.068
2023-03-01,O-,8.0,low,Wednesday,1.0687
2023-03-02,O-,9.0,normal,Thursday,1.0694
2023-03-03,O-,9.0,normal,Friday,1.07
2023-03-04,O-,6.0,normal,Saturday,1.0707
2023-03-05,O-,5.0,normal,Sunday,1.0713
2023-03-06,O-,9.0,normal,Monday,1.0719
2023-03-07,O-,10.0,normal,Tuesday,1.0725
2023-03-08,O-,9.0,normal,Wednesday,1.0731
2023-03-09,O-,10.0,normal,Thursday,1.0737
2023-03-10,O-,15.0,surge,Friday,1.0742
2023-03-11,O-,7.0,high,Saturday,1.0747
2023-03-12,O-,6.0,normal,Sunday,1.0752
2023-03-13,O-,9.0,normal,Monday,1.0756
2023-03-14,O-,11.0,high,Tuesday,1.0761
2023-03-15,O-,9.0,normal,Wednesday,1.0765
2023-03-16,O-,11.0,normal,Thursday,1.0769
2023-03-17,O-,8.0,normal,Friday,1.0772
2023-03-18,O-,5.0,normal,Saturday,1.0776
2023-03-19,O-,9.0,surge,Sunday,1.0779
2023-03-20,O-,9.0,normal,Monday,1.0782
2023-03-21,O-,9.0,normal,Tuesday,1.0785
2023-03-22,O-,9.0,high,Wednesday,1.0787
2023-03-23,O-,8.0,normal,Thursday,1.079
2023-03-24,O-,9.0,normal,Friday,1.0792
2023-03-25,O-,5.0,high,Saturday,1.0794
2023-03-26,O-,6.0,normal,Sunday,1.0795
2023-03-27,O-,10.0,normal,Monday,1.0797
2023-03-28,O-,12.0,high,Tuesday,1.0798
2023-03-29,O-,10.0,normal,Wednesday,1.0799
2023-03-30,O-,4.0,low,Thursday,1.0799
2023-03-31,O-,7.0,normal,Friday,1.08
2023-04-01,O-,6.0,high,Saturday,1.08
2023-04-02,O-,5.0,normal,Sunday,1.08
2023-04-03,O-,8.0,normal,Monday,1.08
2023-04-04,O-,6.0,low,Tuesday,1.0799
2023-04-05,O-,12.0,high,Wednesday,1.0798
2023-04-06,O-,11.0,normal,Thursday,1.0797
2023-04-07,O-,8.0,normal,Friday,1.0796
2023-04-08,O-,4.0,low,Saturday,1.0795
2023-04-09,O-,6.0,normal,Sunday,1.0793
2023-04-10,O-,11.0,high,Monday,1.0791
2023-04-11,O-,15.0,surge,Tuesday,1.0789
2023-04-12,O-,9.0,normal,Wednesday,1.0787
2023-04-13,O-,8.0,normal,Thursday,1.0784
2023-04-14,O-,8.0,normal,Friday,1.0781
2023-04-15,O-,5.0,normal,Saturday,1.0778
2023-04-16,O-,3.0,normal,Sunday,1.0775
2023-04-17,O-,9.0,normal,Monday,1.0771
2023-04-18,O-,9.0,normal,Tuesday,1.0767
2023-04-19,O-,4.0,low,Wednesday,1.0763
2023-04-20,O-,9.0,normal,Thursday,1.0759
2023-04-21,O-,8.0,normal,Friday,1.0755
2023-04-22,O-,7.0,high,Saturday,1.075
2023-04-23,O-,6.0,normal,Sunday,1.0745
2023-04-24,O-,9.0,normal,Monday,1.074
2023-04-25,O-,10.0,normal,Tuesday,1.0734
2023-04-26,O-,6.0,normal,Wednesday,1.0729
2023-04-27,O-,8.0,normal,Thursday,1.0723
2023-04-28,O-,9.0,normal,Friday,1.0717
2023-04-29,O-,4.0,normal,Saturday,1.0711
2023-04-30,O-,9.0,surge,Sunday,1.0705
2023-05-01,O-,8.0,normal,Monday,1.0698
2023-05-02,O-,10.0,normal,Tuesday,1.0691
2023-05-03,O-,10.0,normal,Wednesday,1.0684
2023-05-04,O-,9.0,normal,Thursday,1.0677
2023-05-05,O-,9.0,normal,Friday,1.0669
2023-05-06,O-,4.0,normal,Saturday,1.0662
2023-05-07,O-,5.0,normal,Sunday,1.0654
2023-05-08,O-,7.0,low,Monday,1.0646
2023-05-09,O-,9.0,normal,Tuesday,1.0638
2023-05-10,O-,10.0,normal,Wednesday,1.0629
2023-05-11,O-,9.0,normal,Thursday,1.0621
2023-05-12,O-,8.0,normal,Friday,1.0612
2023-05-13,O-,5.0,normal,Saturday,1.0603
2023-05-14,O-,7.0,normal,Sunday,1.0594
2023-05-15,O-,8.0,normal,Monday,1.0585
2023-05-16,O-,11.0,high,Tuesday,1.0575
2023-05-17,O-,10.0,normal,Wednesday,1.0565
2023-05-18,O-,9.0,normal,Thursday,1.0556
2023-05-19,O-,10.0,high,Friday,1.0546
2023-05-20,O-,3.0,low,Saturday,1.0535
2023-05-21,O-,5.0,normal,Sunday,1.0525
2023-05-22,O-,9.0,normal,Monday,1.0515
2023-05-23,O-,8.0,normal,Tuesday,1.0504
2023-05-24,O-,8.0,normal,Wednesday,1.0493
2023-05-25,O-,8.0,normal,Thursday,1.0482
2023-05-26,O-,9.0,normal,Friday,1.0471
2023-05-27,O-,5.0,normal,Saturday,1.046
2023-05-28,O-,8.0,high,Sunday,1.0449
2023-05-29,O-,9.0,normal,Monday,1.0437
2023-05-30,O-,8.0,normal,Tuesday,1.0426
2023-05-31,O-,8.0,normal,Wednesday,1.0414
2023-06-01,O-,11.0,high,Thursday,1.0402
2023-06-02,O-,11.0,high,Friday,1.039
2023-06-03,O-,7.0,normal,Saturday,1.0378
2023-06-04,O-,7.0,normal,Sunday,1.0366
2023-06-05,O-,8.0,normal,Monday,1.0354
2023-06-06,O-,9.0,normal,Tuesday,1.0341
2023-06-07,O-,9.0,high,Wednesday,1.0329
2023-06-08,O-,9.0,normal,Thursday,1.0316
2023-06-09,O-,10.0,normal,Friday,1.0304
2023-06-10,O-,7.0,high,Saturday,1.0291
2023-06-11,O-,5.0,normal,Sunday,1.0278
2023-06-12,O-,11.0,high,Monday,1.0265
2023-06-13,O-,7.0,low,Tuesday,1.0252
2023-06-14,O-,9.0,normal,Wednesday,1.0239
2023-06-15,O-,8.0,normal,Thursday,1.0226
2023-06-16,O-,8.0,normal,Friday,1.0212
2023-06-17,O-,5.0,normal,Saturday,1.0199
2023-06-18,O-,6.0,high,Sunday,1.0186
2023-06-19,O-,10.0,normal,Monday,1.0172
2023-06-20,O-,10.0,high,Tuesday,1.0159
2023-06-21,O-,9.0,normal,Wednesday,1.0145
2023-06-22,O-,9.0,normal,Thursday,1.0132
2023-06-23,O-,7.0,normal,Friday,1.0118
2023-06-24,O-,7.0,surge,Saturday,1.0105
2023-06-25,O-,7.0,normal,Sunday,1.0091
2023-06-26,O-,14.0,surge,Monday,1.0077
2023-06-27,O-,8.0,normal,Tuesday,1.0064
2023-06-28,O-,9.0,normal,Wednesday,1.005
2023-06-29,O-,9.0,normal,Thursday,1.0036
2023-06-30,O-,8.0,normal,Friday,1.0022
2023-07-01,O-,6.0,normal,Saturday,1.0009
2023-07-02,O-,6.0,normal,Sunday,0.9995
2023-07-03,O-,7.0,normal,Monday,0.9981
2023-07-04,O-,8.0,normal,Tuesday,0.9967
2023-07-05,O-,10.0,normal,Wednesday,0.9954
2023-07-06,O-,12.0,high,Thursday,0.994
2023-07-07,O-,9.0,normal,Friday,0.9926
2023-07-08,O-,5.0,normal,Saturday,0.9912
2023-07-09,O-,3.0,normal,Sunday,0.9899
2023-07-10,O-,8.0,normal,Monday,0.9885
2023-07-11,O-,7.0,normal,Tuesday,0.9872
2023-07-12,O-,10.0,normal,Wednesday,0.9858
2023-07-13,O-,8.0,high,Thursday,0.9844
2023-07-14,O-,5.0,low,Friday,0.9831
2023-07-15,O-,5.0,normal,Saturday,0.9818
2023-07-16,O-,5.0,normal,Sunday,0.9804
2023-07-17,O-,10.0,normal,Monday,0.9791
2023-07-18,O-,9.0,normal,Tuesday,0.9778
2023-07-19,O-,8.0,normal,Wednesday,0.9764
2023-07-20,O-,9.0,normal,Thursday,0.9751
2023-07-21,O-,8.0,normal,Friday,0.9738
2023-07-22,O-,6.0,normal,Saturday,0.9725
2023-07-23,O-,4.0,normal,Sunday,0.9712
2023-07-24,O-,6.0,normal,Monday,0.97
2023-07-25,O-,8.0,normal,Tuesday,0.9687
2023-07-26,O-,8.0,high,Wednesday,0.9674
2023-07-27,O-,9.0,normal,Thursday,0.9662
2023-07-28,O-,8.0,normal,Friday,0.9649
2023-07-29,O-,6.0,normal,Saturday,0.9637
2023-07-30,O-,3.0,low,Sunday,0.9625
2023-07-31,O-,7.0,normal,Monday,0.9613
2023-08-01,O-,8.0,normal,Tuesday,0.9601
2023-08-02,O-,8.0,normal,Wednesday,0.9589
2023-08-03,O-,9.0,normal,Thursday,0.9577
2023-08-04,O-,7.0,normal,Friday,0.9566
2023-08-05,O-,6.0,normal,Saturday,0.9554
2023-08-06,O-,5.0,normal,Sunday,0.9543
2023-08-07,O-,8.0,normal,Monday,0.9531
2023-08-08,O-,9.0,normal,Tuesday,0.952
2023-08-09,O-,9.0,normal,Wednesday,0.9509
2023-08-10,O-,5.0,low,Thursday,0.9499
2023-08-11,O-,9.0,normal,Friday,0.9488
2023-08-12,O-,5.0,normal,Saturday,0.9477
2023-08-13,O-,5.0,normal,Sunday,0.9467
2023-08-14,O-,9.0,normal,Monday,0.9457
2023-08-15,O-,9.0,normal,Tuesday,0.9447
2023-08-16,O-,10.0,high,Wednesday,0.9437
2023-08-17,O-,8.0,normal,Thursday,0.9427
2023-08-18,O-,5.0,low,Friday,0.9418
2023-08-19,O-,5.0,high,Saturday,0.9408
2023-08-20,O-,5.0,normal,Sunday,0.9399
2023-08-21,O-,8.0,normal,Monday,0.939
2023-08-22,O-,8.0,normal,Tuesday,0.9381
2023-08-23,O-,8.0,normal,Wednesday,0.9373
2023-08-24,O-,9.0,high,Thursday,0.9364
2023-08-25,O-,13.0,surge,Friday,0.9356
2023-08-26,O-,4.0,normal,Saturday,0.9348
2023-08-27,O-,5.0,low,Sunday,0.934
2023-08-28,O-,7.0,normal,Monday,0.9333
2023-08-29,O-,14.0,surge,Tuesday,0.9325
2023-08-30,O-,7.0,normal,Wednesday,0.9318
2023-08-31,O-,9.0,normal,Thursday,0.9311
2023-09-01,O-,8.0,normal,Friday,0.9304
2023-09-02,O-,4.0,normal,Saturday,0.9297
2023-09-03,O-,4.0,normal,Sunday,0.9291
2023-09-04,O-,7.0,normal,Monday,0.9284
2023-09-05,O-,9.0,high,Tuesday,0.9278
2023-09-06,O-,9.0,high,Wednesday,0.9272
2023-09-07,O-,8.0,normal,Thursday,0.9267
2023-09-08,O-,8.0,normal,Friday,0.9261
2023-09-09,O-,6.0,high,Saturday,0.9256
2023-09-10,O-,5.0,normal,Sunday,0.9251
2023-09-11,O-,8.0,normal,Monday,0.9247
2023-09-12,O-,8.0,normal,Tuesday,0.9242
2023-09-13,O-,9.0,normal,Wednesday,0.9238
2023-09-14,O-,8.0,normal,Thursday,0.9234
2023-09-15,O-,8.0,normal,Friday,0.923
2023-09-16,O-,5.0,normal,Saturday,0.9226
2023-09-17,O-,6.0,normal,Sunday,0.9223
2023-09-18,O-,8.0,normal,Monday,0.922
2023-09-19,O-,7.0,normal,Tuesday,0.9217
2023-09-20,O-,8.0,normal,Wednesday,0.9214
2023-09-21,O-,7.0,normal,Thursday,0.9212
2023-09-22,O-,6.0,normal,Friday,0.9209
2023-09-23,O-,6.0,normal,Saturday,0.9207
2023-09-24,O-,6.0,normal,Sunday,0.9206
2023-09-25,O-,7.0,normal,Monday,0.9204
2023-09-26,O-,8.0,normal,Tuesday,0.9203
2023-09-27,O-,4.0,low,Wednesday,0.9202
2023-09-28,O-,6.0,normal,Thursday,0.9201
2023-09-29,O-,6.0,low,Friday,0.92
2023-09-30,O-,6.0,high,Saturday,0.92
2023-10-01,O-,5.0,normal,Sunday,0.92
2023-10-02,O-,9.0,normal,Monday,0.92
2023-10-03,O-,8.0,normal,Tuesday,0.9201
2023-10-04,O-,7.0,normal,Wednesday,0.9201
2023-10-05,O-,6.0,normal,Thursday,0.9202
2023-10-06,O-,8.0,normal,Friday,0.9203
2023-10-07,O-,3.0,low,Saturday,0.9204
2023-10-08,O-,5.0,normal,Sunday,0.9206
2023-10-09,O-,10.0,high,Monday,0.9208
2023-10-10,O-,13.0,surge,Tuesday,0.921
2023-10-11,O-,7.0,normal,Wednesday,0.9212
2023-10-12,O-,6.0,normal,Thursday,0.9214
2023-10-13,O-,8.0,normal,Friday,0.9217
2023-10-14,O-,6.0,normal,Saturday,0.922
2023-10-15,O-,5.0,high,Sunday,0.9223
2023-10-16,O-,10.0,high,Monday,0.9227
2023-10-17,O-,7.0,normal,Tuesday,0.923
2023-10-18,O-,10.0,high,Wednesday,0.9234
2023-10-19,O-,8.0,normal,Thursday,0.9238
2023-10-20,O-,8.0,normal,Friday,0.9243
2023-10-21,O-,7.0,normal,Saturday,0.9247
2023-10-22,O-,6.0,normal,Sunday,0.9252
2023-10-23,O-,8.0,normal,Monday,0.9257
2023-10-24,O-,9.0,normal,Tuesday,0.9262
2023-10-25,O-,6.0,low,Wednesday,0.9268
2023-10-26,O-,12.0,surge,Thursday,0.9273
2023-10-27,O-,9.0,high,Friday,0.9279
2023-10-28,O-,3.0,low,Saturday,0.9285
2023-10-29,O-,5.0,high,Sunday,0.9291
2023-10-30,O-,11.0,high,Monday,0.9298
2023-10-31,O-,10.0,normal,Tuesday,0.9305
2023-11-01,O-,8.0,normal,Wednesday,0.9312
2023-11-02,O-,8.0,normal,Thursday,0.9319
2023-11-03,O-,8.0,normal,Friday,0.9326
2023-11-04,O-,5.0,normal,Saturday,0.9333
2023-11-05,O-,4.0,normal,Sunday,0.9341
2023-11-06,O-,7.0,normal,Monday,0.9349
2023-11-07,O-,10.0,normal,Tuesday,0.9357
2023-11-08,O-,8.0,high,Wednesday,0.9365
2023-11-09,O-,8.0,normal,Thursday,0.9374
2023-11-10,O-,8.0,high,Friday,0.9383
2023-11-11,O-,5.0,normal,Saturday,0.9391
2023-11-12,O-,5.0,normal,Sunday,0.94
2023-11-13,O-,4.0,low,Monday,0.941
2023-11-14,O-,8.0,normal,Tuesday,0.9419
2023-11-15,O-,7.0,normal,Wednesday,0.9429
2023-11-16,O-,7.0,normal,Thursday,0.9438
2023-11-17,O-,9.0,normal,Friday,0.9448
2023-11-18,O-,5.0,normal,Saturday,0.9458
2023-11-19,O-,4.0,normal,Sunday,0.9468
2023-11-20,O-,9.0,normal,Monday,0.9479
2023-11-21,O-,5.0,low,Tuesday,0.9489
2023-11-22,O-,6.0,normal,Wednesday,0.95
2023-11-23,O-,11.0,high,Thursday,0.9511
2023-11-24,O-,10.0,normal,Friday,0.9522
2023-11-25,O-,3.0,low,Saturday,0.9533
2023-11-26,O-,2.0,normal,Sunday,0.9544
2023-11-27,O-,8.0,normal,Monday,0.9555
2023-11-28,O-,9.0,normal,Tuesday,0.9567
2023-11-29,O-,9.0,normal,Wednesday,0.9579
2023-11-30,O-,7.0,normal,Thursday,0.959
2023-12-01,O-,9.0,high,Friday,0.9602
2023-12-02,O-,6.0,high,Saturday,0.9614
2023-12-03,O-,7.0,high,Sunday,0.9626
2023-12-04,O-,9.0,normal,Monday,0.9639
2023-12-05,O-,13.0,surge,Tuesday,0.9651
2023-12-06,O-,9.0,normal,Wednesday,0.9663
2023-12-07,O-,10.0,high,Thursday,0.9676
2023-12-08,O-,11.0,high,Friday,0.9688
2023-12-09,O-,4.0,normal,Saturday,0.9701
2023-12-10,O-,6.0,normal,Sunday,0.9714
2023-12-11,O-,8.0,normal,Monday,0.9727
2023-12-12,O-,8.0,normal,Tuesday,0.974
2023-12-13,O-,8.0,normal,Wednesday,0.9753
2023-12-14,O-,8.0,normal,Thursday,0.9766
2023-12-15,O-,9.0,normal,Friday,0.9779
2023-12-16,O-,6.0,high,Saturday,0.9793
2023-12-17,O-,5.0,normal,Sunday,0.9806
2023-12-18,O-,9.0,normal,Monday,0.9819
2023-12-19,O-,10.0,normal,Tuesday,0.9833
2023-12-20,O-,9.0,normal,Wednesday,0.9846
2023-12-21,O-,8.0,normal,Thursday,0.986
2023-12-22,O-,7.0,normal,Friday,0.9873
2023-12-23,O-,6.0,high,Saturday,0.9887
2023-12-24,O-,7.0,surge,Sunday,0.99
2023-12-25,O-,8.0,normal,Monday,0.9914
2023-12-26,O-,5.0,low,Tuesday,0.9928
2023-12-27,O-,9.0,normal,Wednesday,0.9942
2023-12-28,O-,8.0,normal,Thursday,0.9955
2023-12-29,O-,5.0,low,Friday,0.9969
2023-12-30,O-,6.0,normal,Saturday,0.9983
2023-12-31,O-,4.0,normal,Sunday,0.9997
2024-01-01,O-,8.0,normal,Monday,1.0014
2024-01-02,O-,8.0,normal,Tuesday,1.0028
2024-01-03,O-,9.0,normal,Wednesday,1.0041
2024-01-04,O-,9.0,normal,Thursday,1.0055
2024-01-05,O-,11.0,normal,Friday,1.0069
2024-01-06,O-,5.0,normal,Saturday,1.0082
2024-01-07,O-,6.0,high,Sunday,1.0096
2024-01-08,O-,8.0,normal,Monday,1.011
2024-01-09,O-,8.0,normal,Tuesday,1.0123
2024-01-10,O-,9.0,normal,Wednesday,1.0137
2024-01-11,O-,7.0,normal,Thursday,1.015
2024-01-12,O-,7.0,normal,Friday,1.0164
2024-01-13,O-,6.0,normal,Saturday,1.0177
2024-01-14,O-,6.0,normal,Sunday,1.0191
2024-01-15,O-,11.0,high,Monday,1.0204
2024-01-16,O-,9.0,normal,Tuesday,1.0217
2024-01-17,O-,9.0,normal,Wednesday,1.0231
2024-01-18,O-,11.0,high,Thursday,1.0244
2024-01-19,O-,8.0,normal,Friday,1.0257
2024-01-20,O-,6.0,normal,Saturday,1.027
2024-01-21,O-,5.0,high,Sunday,1.0283
2024-01-22,O-,7.0,normal,Monday,1.0296
2024-01-23,O-,8.0,normal,Tuesday,1.0308
2024-01-24,O-,9.0,high,Wednesday,1.0321
2024-01-25,O-,9.0,normal,Thursday,1.0334
2024-01-26,O-,8.0,normal,Friday,1.0346
2024-01-27,O-,5.0,normal,Saturday,1.0358
2024-01-28,O-,3.0,normal,Sunday,1.0371
2024-01-29,O-,9.0,normal,Monday,1.0383
2024-01-30,O-,8.0,normal,Tuesday,1.0395
2024-01-31,O-,10.0,high,Wednesday,1.0407
2024-02-01,O-,9.0,normal,Thursday,1.0418
2024-02-02,O-,8.0,normal,Friday,1.043
2024-02-03,O-,5.0,normal,Saturday,1.0442
2024-02-04,O-,6.0,normal,Sunday,1.0453
2024-02-05,O-,10.0,normal,Monday,1.0464
2024-02-06,O-,7.0,low,Tuesday,1.0476
2024-02-07,O-,8.0,normal,Wednesday,1.0486
2024-02-08,O-,8.0,normal,Thursday,1.0497
2024-02-09,O-,10.0,normal,Friday,1.0508
2024-02-10,O-,8.0,surge,Saturday,1.0519
2024-02-11,O-,7.0,high,Sunday,1.0529
2024-02-12,O-,7.0,normal,Monday,1.0539
2024-02-13,O-,7.0,normal,Tuesday,1.0549
2024-02-14,O-,9.0,normal,Wednesday,1.0559
2024-02-15,O-,9.0,normal,Thursday,1.0569
2024-02-16,O-,11.0,high,Friday,1.0579
2024-02-17,O-,5.0,normal,Saturday,1.0588
2024-02-18,O-,6.0,normal,Sunday,1.0597
2024-02-19,O-,9.0,normal,Monday,1.0606
2024-02-20,O-,8.0,normal,Tuesday,1.0615
2024-02-21,O-,9.0,normal,Wednesday,1.0624
2024-02-22,O-,8.0,normal,Thursday,1.0632
2024-02-23,O-,10.0,normal,Friday,1.0641
2024-02-24,O-,6.0,normal,Saturday,1.0649
2024-02-25,O-,4.0,low,Sunday,1.0657
2024-02-26,O-,9.0,normal,Monday,1.0665
2024-02-27,O-,9.0,normal,Tuesday,1.0672
2024-02-28,O-,7.0,normal,Wednesday,1.068
2024-02-29,O-,9.0,normal,Thursday,1.0687
2024-03-01,O-,12.0,high,Friday,1.0694
2024-03-02,O-,5.0,normal,Saturday,1.07
2024-03-03,O-,6.0,normal,Sunday,1.0707
2024-03-04,O-,9.0,normal,Monday,1.0713
2024-03-05,O-,10.0,normal,Tuesday,1.0719
2024-03-06,O-,8.0,normal,Wednesday,1.0725
2024-03-07,O-,9.0,normal,Thursday,1.0731
2024-03-08,O-,8.0,normal,Friday,1.0737
2024-03-09,O-,6.0,normal,Saturday,1.0742
2024-03-10,O-,5.0,normal,Sunday,1.0747
2024-03-11,O-,9.0,normal,Monday,1.0752
2024-03-12,O-,9.0,normal,Tuesday,1.0756
2024-03-13,O-,10.0,normal,Wednesday,1.0761
2024-03-14,O-,11.0,high,Thursday,1.0765
2024-03-15,O-,8.0,normal,Friday,1.0769
2024-03-16,O-,5.0,normal,Saturday,1.0772
2024-03-17,O-,5.0,normal,Sunday,1.0776
2024-03-18,O-,10.0,high,Monday,1.0779
2024-03-19,O-,10.0,normal,Tuesday,1.0782
2024-03-20,O-,8.0,normal,Wednesday,1.0785
2024-03-21,O-,9.0,normal,Thursday,1.0787
2024-03-22,O-,13.0,surge,Friday,1.079
2024-03-23,O-,6.0,normal,Saturday,1.0792
2024-03-24,O-,7.0,normal,Sunday,1.0794
2024-03-25,O-,6.0,normal,Monday,1.0795
2024-03-26,O-,8.0,normal,Tuesday,1.0797
2024-03-27,O-,11.0,high,Wednesday,1.0798
2024-03-28,O-,6.0,low,Thursday,1.0799
2024-03-29,O-,9.0,normal,Friday,1.0799
2024-03-30,O-,4.0,normal,Saturday,1.08
2024-03-31,O-,7.0,normal,Sunday,1.08
2024-04-01,O-,9.0,normal,Monday,1.08
2024-04-02,O-,7.0,low,Tuesday,1.08
2024-04-03,O-,9.0,normal,Wednesday,1.0799
2024-04-04,O-,8.0,normal,Thursday,1.0798
2024-04-05,O-,9.0,normal,Friday,1.0797
2024-04-06,O-,6.0,normal,Saturday,1.0796
2024-04-07,O-,8.0,high,Sunday,1.0795
2024-04-08,O-,9.0,normal,Monday,1.0793
2024-04-09,O-,8.0,normal,Tuesday,1.0791
2024-04-10,O-,8.0,normal,Wednesday,1.0789
2024-04-11,O-,11.0,high,,1.0787
2024-04-12,O-,9.0,normal,Friday,1.0784
2024-04-13,O-,5.0,normal,Saturday,1.0781
2024-04-14,O-,4.0,normal,Sunday,1.0778
2024-04-15,O-,8.0,normal,Monday,1.0775
2024-04-16,O-,8.0,normal,Tuesday,1.0771
2024-04-17,O-,12.0,high,Wednesday,1.0767
2024-04-18,O-,10.0,normal,Thursday,1.0763
2024-04-19,O-,9.0,normal,Friday,1.0759
2024-04-20,O-,3.0,low,Saturday,1.0755
2024-04-21,O-,5.0,normal,Sunday,1.075
2024-04-22,O-,7.0,normal,Monday,1.0745
2024-04-23,O-,10.0,normal,Tuesday,1.074
2024-04-24,O-,8.0,normal,Wednesday,1.0734
2024-04-25,O-,11.0,high,Thursday,1.0729
2024-04-26,O-,15.0,surge,Friday,1.0723
2024-04-27,O-,5.0,low,Saturday,1.0717
2024-04-28,O-,6.0,normal,Sunday,1.0711
2024-04-29,O-,9.0,normal,Monday,1.0705
2024-04-30,O-,9.0,normal,Tuesday,1.0698
2024-05-01,O-,10.0,normal,Wednesday,1.0691
2024-05-02,O-,8.0,normal,Thursday,1.0684
2024-05-03,O-,8.0,normal,Friday,1.0677
2024-05-04,O-,5.0,normal,Saturday,1.0669
2024-05-05,O-,6.0,normal,Sunday,1.0662
2024-05-06,O-,9.0,normal,Monday,1.0654
2024-05-07,O-,9.0,normal,Tuesday,1.0646
2024-05-08,O-,9.0,normal,Wednesday,1.0638
2024-05-09,O-,10.0,high,Thursday,1.0629
2024-05-10,O-,9.0,normal,Friday,1.0621
2024-05-11,O-,3.0,low,Saturday,1.0612
2024-05-12,O-,7.0,normal,Sunday,1.0603
2024-05-13,O-,10.0,normal,Monday,1.0594
2024-05-14,O-,8.0,normal,Tuesday,1.0585
2024-05-15,O-,8.0,normal,Wednesday,1.0575
2024-05-16,O-,10.0,normal,Thursday,1.0565
2024-05-17,O-,10.0,normal,Friday,1.0556
2024-05-18,O-,6.0,normal,Saturday,1.0546
2024-05-19,O-,5.0,normal,Sunday,1.0535
2024-05-20,O-,8.0,normal,Monday,1.0525
2024-05-21,O-,8.0,normal,Tuesday,1.0515
2024-05-22,O-,5.0,low,Wednesday,1.0504
2024-05-23,O-,10.0,normal,Thursday,1.0493
2024-05-24,O-,8.0,normal,Friday,1.0482
2024-05-25,O-,5.0,normal,Saturday,1.0471
2024-05-26,O-,4.0,normal,Sunday,1.046
2024-05-27,O-,9.0,high,Monday,1.0449
2024-05-28,O-,9.0,normal,Tuesday,1.0437
2024-05-29,O-,9.0,normal,Wednesday,1.0426
2024-05-30,O-,9.0,normal,Thursday,1.0414
2024-05-31,O-,8.0,normal,Friday,1.0402
2024-06-01,O-,4.0,normal,Saturday,1.039
2024-06-02,O-,5.0,normal,Sunday,1.0378
2024-06-03,O-,8.0,normal,Monday,1.0366
2024-06-04,O-,9.0,normal,Tuesday,1.0354
2024-06-05,O-,7.0,low,Wednesday,1.0341
2024-06-06,O-,9.0,normal,Thursday,1.0329
2024-06-07,O-,9.0,normal,Friday,1.0316
2024-06-08,O-,5.0,normal,Saturday,1.0304
2024-06-09,O-,8.0,surge,Sunday,1.0291
2024-06-10,O-,10.0,high,Monday,1.0278
2024-06-11,O-,9.0,normal,Tuesday,1.0265
2024-06-12,O-,8.0,normal,Wednesday,1.0252
2024-06-13,O-,11.0,normal,Thursday,1.0239
2024-06-14,O-,9.0,normal,Friday,1.0226
2024-06-15,O-,3.0,normal,Saturday,1.0212
2024-06-16,O-,5.0,normal,Sunday,1.0199
2024-06-17,O-,8.0,normal,Monday,1.0186
2024-06-18,O-,9.0,normal,Tuesday,1.0172
2024-06-19,O-,13.0,surge,Wednesday,1.0159
2024-06-20,O-,11.0,high,Thursday,1.0145
2024-06-21,O-,14.0,surge,Friday,1.0132
2024-06-22,O-,7.0,normal,Saturday,1.0118
2024-06-23,O-,6.0,normal,Sunday,1.0105
2024-06-24,O-,13.0,surge,Monday,1.0091
2024-06-25,O-,6.0,low,Tuesday,1.0077
2024-06-26,O-,6.0,normal,Wednesday,1.0064
2024-06-27,O-,11.0,high,Thursday,1.005
2024-06-28,O-,8.0,normal,Friday,1.0036
2024-06-29,O-,5.0,normal,Saturday,1.0022
2024-06-30,O-,7.0,surge,Sunday,1.0009
2024-07-01,O-,7.0,normal,Monday,0.9995
2024-07-02,O-,12.0,high,Tuesday,0.9981
2024-07-03,O-,10.0,high,Wednesday,0.9967
2024-07-04,O-,10.0,normal,Thursday,0.9954
2024-07-05,O-,8.0,normal,Friday,0.994
2024-07-06,O-,6.0,high,Saturday,0.9926
2024-07-07,O-,4.0,low,Sunday,0.9912
2024-07-08,O-,9.0,normal,Monday,0.9899
2024-07-09,O-,9.0,normal,Tuesday,0.9885
2024-07-10,O-,6.0,low,Wednesday,0.9872
2024-07-11,O-,9.0,normal,Thursday,0.9858
2024-07-12,O-,9.0,high,Friday,0.9844
2024-07-13,O-,5.0,normal,Saturday,0.9831
2024-07-14,O-,5.0,normal,Sunday,0.9818
2024-07-15,O-,10.0,high,Monday,0.9804
2024-07-16,O-,8.0,normal,Tuesday,0.9791
2024-07-17,O-,7.0,normal,Wednesday,0.9778
2024-07-18,O-,9.0,normal,Thursday,0.9764
2024-07-19,O-,8.0,normal,Friday,0.9751
2024-07-20,O-,6.0,normal,Saturday,0.9738
2024-07-21,O-,4.0,normal,Sunday,0.9725
2024-07-22,O-,8.0,normal,Monday,0.9712
2024-07-23,O-,7.0,normal,Tuesday,0.97
2024-07-24,O-,9.0,high,Wednesday,0.9687
2024-07-25,O-,7.0,normal,Thursday,0.9674
2024-07-26,O-,7.0,normal,Friday,0.9662
2024-07-27,O-,4.0,normal,Saturday,0.9649
2024-07-28,O-,5.0,normal,Sunday,0.9637
2024-07-29,O-,9.0,normal,Monday,0.9625
2024-07-30,O-,9.0,normal,Tuesday,0.9613
2024-07-31,O-,6.0,normal,Wednesday,0.9601
2024-08-01,O-,8.0,normal,Thursday,0.9589
2024-08-02,O-,8.0,normal,Friday,0.9577
2024-08-03,O-,6.0,normal,Saturday,0.9566
2024-08-04,O-,5.0,normal,Sunday,0.9554
2024-08-05,O-,8.0,normal,Monday,0.9543
2024-08-06,O-,7.0,normal,Tuesday,0.9531
2024-08-07,O-,7.0,normal,Wednesday,0.952
2024-08-08,O-,7.0,normal,Thursday,0.9509
2024-08-09,O-,6.0,low,Friday,0.9499
2024-08-10,O-,6.0,normal,Saturday,0.9488
2024-08-11,O-,4.0,normal,Sunday,0.9477
2024-08-12,O-,8.0,normal,Monday,0.9467
2024-08-13,O-,7.0,normal,Tuesday,0.9457
2024-08-14,O-,7.0,normal,Wednesday,0.9447
2024-08-15,O-,6.0,low,Thursday,0.9437
2024-08-16,O-,10.0,normal,Friday,0.9427
2024-08-17,O-,6.0,normal,Saturday,0.9418
2024-08-18,O-,6.0,normal,Sunday,0.9408
2024-08-19,O-,9.0,normal,Monday,0.9399
2024-08-20,O-,9.0,high,Tuesday,0.939
2024-08-21,O-,7.0,normal,Wednesday,0.9381
2024-08-22,O-,9.0,high,Thursday,0.9373
2024-08-23,O-,6.0,normal,Friday,0.9364
2024-08-24,O-,5.0,normal,Saturday,0.9356
2024-08-25,O-,6.0,normal,Sunday,0.9348
2024-08-26,O-,9.0,normal,Monday,0.934
2024-08-27,O-,10.0,normal,Tuesday,0.9333
2024-08-28,O-,8.0,normal,Wednesday,0.9325
2024-08-29,O-,7.0,normal,Thursday,0.9318
2024-08-30,O-,7.0,low,Friday,0.9311
2024-08-31,O-,5.0,normal,Saturday,0.9304
2024-09-01,O-,6.0,normal,Sunday,0.9297
2024-09-02,O-,9.0,normal,Monday,0.9291
2024-09-03,O-,7.0,normal,Tuesday,0.9284
2024-09-04,O-,7.0,normal,Wednesday,0.9278
2024-09-05,O-,4.0,low,Thursday,0.9272
2024-09-06,O-,7.0,normal,Friday,0.9267
2024-09-07,O-,4.0,normal,Saturday,0.9261
2024-09-08,O-,4.0,normal,Sunday,0.9256
2024-09-09,O-,8.0,normal,Monday,0.9251
2024-09-10,O-,7.0,normal,Tuesday,0.9247
2024-09-11,O-,9.0,high,Wednesday,0.9242
2024-09-12,O-,4.0,low,Thursday,0.9238
2024-09-13,O-,7.0,normal,Friday,0.9234
2024-09-14,O-,4.0,normal,Saturday,0.923
2024-09-15,O-,4.0,high,Sunday,0.9226
2024-09-16,O-,7.0,normal,Monday,0.9223
2024-09-17,O-,8.0,high,Tuesday,0.922
2024-09-18,O-,7.0,normal,Wednesday,0.9217
2024-09-19,O-,8.0,normal,Thursday,0.9214
2024-09-20,O-,9.0,normal,Friday,0.9212
2024-09-21,O-,5.0,high,Saturday,0.9209
2024-09-22,O-,5.0,normal,Sunday,0.9207
2024-09-23,O-,7.0,normal,Monday,0.9206
2024-09-24,O-,10.0,surge,Tuesday,0.9204
2024-09-25,O-,9.0,normal,Wednesday,0.9203
2024-09-26,O-,8.0,normal,Thursday,0.9202
2024-09-27,O-,10.0,high,Friday,0.9201
2024-09-28,O-,6.0,normal,Saturday,0.92
2024-09-29,O-,4.0,normal,Sunday,0.92
2024-09-30,O-,7.0,normal,Monday,0.92
2024-10-01,O-,7.0,normal,Tuesday,0.92
2024-10-02,O-,6.0,normal,Wednesday,0.9201
2024-10-03,O-,9.0,normal,Thursday,0.9201
2024-10-04,O-,9.0,normal,Friday,0.9202
2024-10-05,O-,5.0,normal,Saturday,0.9203
2024-10-06,O-,8.0,surge,Sunday,0.9204
2024-10-07,O-,9.0,normal,Monday,0.9206
2024-10-08,O-,9.0,normal,Tuesday,0.9208
2024-10-09,O-,9.0,normal,Wednesday,0.921
2024-10-10,O-,6.0,normal,Thursday,0.9212
2024-10-11,O-,7.0,normal,Friday,0.9214
2024-10-12,O-,5.0,normal,Saturday,0.9217
2024-10-13,O-,4.0,normal,Sunday,0.922
2024-10-14,O-,7.0,normal,Monday,0.9223
2024-10-15,O-,8.0,normal,Tuesday,0.9227
2024-10-16,O-,6.0,normal,Wednesday,0.923
2024-10-17,O-,8.0,normal,Thursday,0.9234
2024-10-18,O-,8.0,normal,Friday,0.9238
2024-10-19,O-,5.0,normal,Saturday,0.9243
2024-10-20,O-,3.0,normal,Sunday,0.9247
2024-10-21,O-,7.0,normal,Monday,0.9252
2024-10-22,O-,8.0,normal,Tuesday,0.9257
2024-10-23,O-,9.0,normal,Wednesday,0.9262
2024-10-24,O-,8.0,normal,Thursday,0.9268
2024-10-25,O-,8.0,normal,Friday,0.9273
2024-10-26,O-,4.0,normal,Saturday,0.9279
2024-10-27,O-,5.0,normal,Sunday,0.9285
2024-10-28,O-,6.0,normal,Monday,0.9291
2024-10-29,O-,11.0,surge,Tuesday,0.9298
2024-10-30,O-,9.0,normal,Wednesday,0.9305
2024-10-31,O-,8.0,normal,Thursday,0.9312
2024-11-01,O-,8.0,normal,Friday,0.9319
2024-11-02,O-,4.0,normal,Saturday,0.9326
2024-11-03,O-,7.0,high,Sunday,0.9333
2024-11-04,O-,5.0,low,Monday,0.9341
2024-11-05,O-,8.0,normal,Tuesday,0.9349
2024-11-06,O-,8.0,normal,Wednesday,0.9357
2024-11-07,O-,9.0,normal,Thursday,0.9365
2024-11-08,O-,8.0,normal,Friday,0.9374
2024-11-09,O-,5.0,normal,Saturday,0.9383
2024-11-10,O-,4.0,normal,Sunday,0.9391
2024-11-11,O-,6.0,normal,Monday,0.94
2024-11-12,O-,8.0,normal,Tuesday,0.941
2024-11-13,O-,8.0,normal,Wednesday,0.9419
2024-11-14,O-,8.0,normal,Thursday,0.9429
2024-11-15,O-,9.0,high,Friday,0.9438
2024-11-16,O-,5.0,high,Saturday,0.9448
2024-11-17,O-,5.0,normal,Sunday,0.9458
2024-11-18,O-,7.0,normal,Monday,0.9468
2024-11-19,O-,10.0,normal,Tuesday,0.9479
2024-11-20,O-,7.0,normal,Wednesday,0.9489
2024-11-21,O-,8.0,normal,Thursday,0.95
2024-11-22,O-,10.0,high,Friday,0.9511
2024-11-23,O-,6.0,normal,Saturday,0.9522
2024-11-24,O-,4.0,normal,Sunday,0.9533
2024-11-25,O-,6.0,low,Monday,0.9544
2024-11-26,O-,8.0,normal,Tuesday,0.9555
2024-11-27,O-,8.0,normal,Wednesday,0.9567
2024-11-28,O-,8.0,normal,Thursday,0.9579
2024-11-29,O-,9.0,normal,Friday,0.959
2024-11-30,O-,5.0,normal,Saturday,0.9602
2024-12-01,O-,5.0,high,Sunday,0.9614
2024-12-02,O-,8.0,normal,Monday,0.9626
2024-12-03,O-,8.0,normal,Tuesday,0.9639
2024-12-04,O-,9.0,normal,Wednesday,0.9651
2024-12-05,O-,8.0,normal,Thursday,0.9663
2024-12-06,O-,10.0,normal,Friday,0.9676
2024-12-07,O-,7.0,surge,Saturday,0.9688
2024-12-08,O-,3.0,low,Sunday,0.9701
2024-12-09,O-,9.0,normal,Monday,0.9714
2024-12-10,O-,8.0,normal,Tuesday,0.9727
2024-12-11,O-,8.0,normal,Wednesday,0.974
2024-12-12,O-,8.0,normal,Thursday,0.9753
2024-12-13,O-,8.0,normal,Friday,0.9766
2024-12-14,O-,5.0,normal,Saturday,0.9779
2024-12-15,O-,7.0,high,Sunday,0.9793
2024-12-16,O-,8.0,normal,Monday,0.9806
2024-12-17,O-,7.0,normal,Tuesday,0.9819
2024-12-18,O-,7.0,normal,Wednesday,0.9833
2024-12-19,O-,9.0,normal,Thursday,0.9846
2024-12-20,O-,10.0,high,Friday,0.986
2024-12-21,O-,6.0,normal,Saturday,0.9873
2024-12-22,O-,6.0,normal,Sunday,0.9887
2024-12-23,O-,6.0,low,Monday,0.99
2024-12-24,O-,9.0,high,Tuesday,0.9914
2024-12-25,O-,9.0,normal,Wednesday,0.9928
2024-12-26,O-,13.0,surge,Thursday,0.9942
2024-12-27,O-,7.0,normal,Friday,0.9955
2024-12-28,O-,5.0,normal,Saturday,0.9969
2024-12-29,O-,4.0,normal,Sunday,0.9983
2024-12-30,O-,8.0,normal,Monday,0.9997
2024-12-31,O-,,low,Tuesday,1.001
2023-01-01,A-,4.0,normal,Sunday,1.0014
2023-01-02,A-,6.0,normal,Monday,1.0028
2023-01-03,A-,6.0,normal,Tuesday,1.0041
2023-01-04,A-,5.0,low,Wednesday,1.0055
2023-01-05,A-,7.0,normal,Thursday,1.0069
2023-01-06,A-,7.0,normal,Friday,1.0082
2023-01-07,A-,6.0,high,Saturday,1.0096
2023-01-08,A-,3.0,normal,Sunday,1.011
2023-01-09,A-,8.0,normal,Monday,1.0123
2023-01-10,A-,7.0,normal,Tuesday,1.0137
2023-01-11,A-,8.0,high,Wednesday,1.015
2023-01-12,A-,6.0,normal,Thursday,1.0164
2023-01-13,A-,4.0,normal,Friday,1.0177
2023-01-14,A-,3.0,low,Saturday,1.0191
2023-01-15,A-,4.0,normal,Sunday,1.0204
2023-01-16,A-,6.0,normal,Monday,1.0217
2023-01-17,A-,6.0,normal,Tuesday,1.0231
2023-01-18,A-,10.0,surge,Wednesday,1.0244
2023-01-19,A-,8.0,high,Thursday,1.0257
2023-01-20,A-,6.0,normal,Friday,1.027
2023-01-21,A-,3.0,normal,Saturday,1.0283
2023-01-22,A-,5.0,normal,Sunday,1.0296
2023-01-23,A-,8.0,high,Monday,1.0308
2023-01-24,A-,7.0,normal,Tuesday,1.0321
2023-01-25,A-,7.0,normal,Wednesday,1.0334
2023-01-26,A-,7.0,normal,Thursday,1.0346
2023-01-27,A-,5.0,low,Friday,1.0358
2023-01-28,A-,5.0,normal,Saturday,1.0371
2023-01-29,A-,4.0,high,Sunday,1.0383
2023-01-30,A-,7.0,normal,Monday,1.0395
2023-01-31,A-,12.0,surge,Tuesday,1.0407
2023-02-01,A-,4.0,low,Wednesday,1.0418
2023-02-02,A-,7.0,normal,Thursday,1.043
2023-02-03,A-,7.0,normal,Friday,1.0442
2023-02-04,A-,6.0,high,Saturday,1.0453
2023-02-05,A-,5.0,normal,Sunday,1.0464
2023-02-06,A-,6.0,normal,Monday,1.0476
2023-02-07,A-,7.0,normal,Tuesday,1.0486
2023-02-08,A-,7.0,normal,Wednesday,1.0497
2023-02-09,A-,7.0,normal,Thursday,1.0508
2023-02-10,A-,7.0,normal,Friday,1.0519
2023-02-11,A-,4.0,normal,Saturday,1.0529
2023-02-12,A-,6.0,surge,Sunday,1.0539
2023-02-13,A-,10.0,surge,Monday,1.0549
2023-02-14,A-,3.0,low,Tuesday,1.0559
2023-02-15,A-,8.0,high,Wednesday,1.0569
2023-02-16,A-,7.0,normal,Thursday,1.0579
2023-02-17,A-,8.0,normal,Friday,1.0588
2023-02-18,A-,7.0,surge,Saturday,1.0597
2023-02-19,A-,4.0,normal,Sunday,1.0606
2023-02-20,A-,7.0,normal,Monday,1.0615
2023-02-21,A-,7.0,normal,Tuesday,1.0624
2023-02-22,A-,6.0,normal,Wednesday,1.0632
2023-02-23,A-,8.0,normal,Thursday,1.0641
2023-02-24,A-,8.0,normal,Friday,1.0649
2023-02-25,A-,4.0,normal,Saturday,1.0657
2023-02-26,A-,5.0,normal,Sunday,1.0665
2023-02-27,A-,9.0,normal,Monday,1.0672
2023-02-28,A-,13.0,surge,Tuesday,1.068
2023-03-01,A-,8.0,normal,Wednesday,1.0687
2023-03-02,A-,8.0,high,Thursday,1.0694
2023-03-03,A-,6.0,normal,Friday,1.07
2023-03-04,A-,5.0,normal,Saturday,1.0707
2023-03-05,A-,5.0,high,Sunday,1.0713
2023-03-06,A-,7.0,high,Monday,1.0719
2023-03-07,A-,8.0,high,Tuesday,1.0725
2023-03-08,A-,5.0,low,Wednesday,1.0731
2023-03-09,A-,7.0,normal,Thursday,1.0737
2023-03-10,A-,7.0,normal,Friday,1.0742
2023-03-11,A-,3.0,normal,Saturday,1.0747
2023-03-12,A-,3.0,low,Sunday,1.0752
2023-03-13,A-,8.0,normal,Monday,1.0756
2023-03-14,A-,8.0,high,Tuesday,1.0761
2023-03-15,A-,12.0,surge,Wednesday,1.0765
2023-03-16,A-,7.0,normal,Thursday,1.0769
2023-03-17,A-,7.0,normal,Friday,1.0772
2023-03-18,A-,5.0,normal,Saturday,1.0776
2023-03-19,A-,5.0,normal,Sunday,1.0779
2023-03-20,A-,6.0,normal,Monday,1.0782
2023-03-21,A-,6.0,normal,Tuesday,1.0785
2023-03-22,A-,5.0,normal,Wednesday,1.0787
2023-03-23,A-,7.0,normal,Thursday,1.079
2023-03-24,A-,6.0,normal,Friday,1.0792
2023-03-25,A-,3.0,low,Saturday,1.0794
2023-03-26,A-,3.0,low,Sunday,1.0795
2023-03-27,A-,7.0,normal,Monday,1.0797
2023-03-28,A-,5.0,low,Tuesday,1.0798
2023-03-29,A-,11.0,surge,Wednesday,1.0799
2023-03-30,A-,7.0,normal,Thursday,1.0799
2023-03-31,A-,9.0,high,Friday,1.08
2023-04-01,A-,5.0,normal,Saturday,1.08
2023-04-02,A-,5.0,high,Sunday,1.08
2023-04-03,A-,8.0,normal,Monday,1.08
2023-04-04,A-,6.0,normal,Tuesday,1.0799
2023-04-05,A-,7.0,normal,Wednesday,1.0798
2023-04-06,A-,6.0,normal,Thursday,1.0797
2023-04-07,A-,7.0,normal,Friday,1.0796
2023-04-08,A-,3.0,normal,Saturday,1.0795
2023-04-09,A-,4.0,low,Sunday,1.0793
2023-04-10,A-,6.0,normal,Monday,1.0791
2023-04-11,A-,6.0,normal,Tuesday,1.0789
2023-04-12,A-,6.0,normal,Wednesday,1.0787
2023-04-13,A-,7.0,normal,Thursday,1.0784
2023-04-14,A-,7.0,normal,Friday,1.0781
2023-04-15,A-,3.0,normal,Saturday,1.0778
2023-04-16,A-,4.0,normal,Sunday,1.0775
2023-04-17,A-,8.0,normal,Monday,1.0771
2023-04-18,A-,8.0,normal,Tuesday,1.0767
2023-04-19,A-,8.0,normal,Wednesday,1.0763
2023-04-20,A-,7.0,high,Thursday,1.0759
2023-04-21,A-,7.0,normal,Friday,1.0755
2023-04-22,A-,4.0,low,Saturday,1.075
2023-04-23,A-,5.0,high,Sunday,1.0745
2023-04-24,A-,6.0,normal,Monday,1.074
2023-04-25,A-,8.0,normal,Tuesday,1.0734
2023-04-26,A-,10.0,high,Wednesday,1.0729
2023-04-27,A-,7.0,normal,Thursday,1.0723
2023-04-28,A-,6.0,normal,Friday,1.0717
2023-04-29,A-,5.0,surge,Saturday,1.0711
2023-04-30,A-,5.0,normal,Sunday,1.0705
2023-05-01,A-,6.0,normal,Monday,1.0698
2023-05-02,A-,8.0,high,Tuesday,1.0691
2023-05-03,A-,7.0,normal,Wednesday,1.0684
2023-05-04,A-,6.0,normal,Thursday,1.0677
2023-05-05,A-,5.0,normal,Friday,1.0669
2023-05-06,A-,4.0,normal,Saturday,1.0662
2023-05-07,A-,4.0,normal,Sunday,1.0654
2023-05-08,A-,9.0,high,Monday,1.0646
2023-05-09,A-,6.0,normal,Tuesday,1.0638
2023-05-10,A-,8.0,normal,Wednesday,1.0629
2023-05-11,A-,7.0,high,Thursday,1.0621
2023-05-12,A-,5.0,normal,Friday,1.0612
2023-05-13,A-,5.0,normal,Saturday,1.0603
2023-05-14,A-,3.0,low,Sunday,1.0594
2023-05-15,A-,4.0,low,Monday,1.0585
2023-05-16,A-,7.0,normal,Tuesday,1.0575
2023-05-17,A-,7.0,normal,Wednesday,1.0565
2023-05-18,A-,6.0,normal,Thursday,1.0556
2023-05-19,A-,4.0,low,Friday,1.0546
2023-05-20,A-,3.0,normal,Saturday,1.0535
2023-05-21,A-,6.0,surge,Sunday,1.0525
2023-05-22,A-,6.0,normal,Monday,1.0515
2023-05-23,A-,8.0,normal,Tuesday,1.0504
2023-05-24,A-,10.0,surge,Wednesday,1.0493
2023-05-25,A-,6.0,normal,Thursday,1.0482
2023-05-26,A-,6.0,normal,Friday,1.0471
2023-05-27,A-,3.0,normal,Saturday,1.046
2023-05-28,A-,4.0,high,Sunday,1.0449
2023-05-29,A-,7.0,high,Monday,1.0437
2023-05-30,A-,7.0,normal,Tuesday,1.0426
2023-05-31,A-,7.0,normal,Wednesday,1.0414
2023-06-01,A-,7.0,normal,Thursday,1.0402
2023-06-02,A-,5.0,normal,Friday,1.039
2023-06-03,A-,4.0,normal,Saturday,1.0378
2023-06-04,A-,5.0,normal,Sunday,1.0366
2023-06-05,A-,8.0,normal,Monday,1.0354
2023-06-06,A-,7.0,normal,Tuesday,1.0341
2023-06-07,A-,8.0,normal,Wednesday,1.0329
2023-06-08,A-,6.0,normal,Thursday,1.0316
2023-06-09,A-,10.0,high,Friday,1.0304
2023-06-10,A-,4.0,normal,Saturday,1.0291
2023-06-11,A-,5.0,high,Sunday,1.0278
2023-06-12,A-,6.0,normal,Monday,1.0265
2023-06-13,A-,6.0,normal,Tuesday,1.0252
2023-06-14,A-,6.0,normal,Wednesday,1.0239
2023-06-15,A-,8.0,normal,Thursday,1.0226
2023-06-16,A-,6.0,normal,Friday,1.0212
2023-06-17,A-,5.0,high,Saturday,1.0199
2023-06-18,A-,5.0,normal,Sunday,1.0186
2023-06-19,A-,7.0,normal,Monday,1.0172
2023-06-20,A-,7.0,normal,Tuesday,1.0159
2023-06-21,A-,8.0,normal,Wednesday,1.0145
2023-06-22,A-,7.0,normal,Thursday,1.0132
2023-06-23,A-,6.0,normal,Friday,1.0118
2023-06-24,A-,4.0,normal,Saturday,1.0105
2023-06-25,A-,3.0,normal,Sunday,1.0091
2023-06-26,A-,8.0,high,Monday,1.0077
2023-06-27,A-,7.0,normal,Tuesday,1.0064
2023-06-28,A-,7.0,normal,Wednesday,1.005
2023-06-29,A-,7.0,normal,Thursday,1.0036
2023-06-30,A-,6.0,normal,Friday,1.0022
2023-07-01,A-,4.0,normal,Saturday,1.0009
2023-07-02,A-,3.0,low,Sunday,0.9995
2023-07-03,A-,9.0,high,Monday,0.9981
2023-07-04,A-,6.0,high,Tuesday,0.9967
2023-07-05,A-,6.0,normal,Wednesday,0.9954
2023-07-06,A-,6.0,normal,Thursday,0.994
2023-07-07,A-,8.0,normal,Friday,0.9926
2023-07-08,A-,5.0,normal,Saturday,0.9912
2023-07-09,A-,4.0,normal,Sunday,0.9899
2023-07-10,A-,5.0,normal,Monday,0.9885
2023-07-11,A-,5.0,normal,Tuesday,0.9872
2023-07-12,A-,7.0,normal,Wednesday,0.9858
2023-07-13,A-,5.0,normal,Thursday,0.9844
2023-07-14,A-,8.0,high,Friday,0.9831
2023-07-15,A-,5.0,normal,Saturday,0.9818
2023-07-16,A-,3.0,normal,Sunday,0.9804
2023-07-17,A-,6.0,normal,Monday,0.9791
2023-07-18,A-,6.0,normal,Tuesday,0.9778
2023-07-19,A-,6.0,normal,Wednesday,0.9764
2023-07-20,A-,6.0,normal,Thursday,0.9751
2023-07-21,A-,7.0,normal,Friday,0.9738
2023-07-22,A-,4.0,low,Saturday,0.9725
2023-07-23,A-,4.0,high,Sunday,0.9712
2023-07-24,A-,7.0,normal,Monday,0.97
2023-07-25,A-,6.0,normal,Tuesday,0.9687
2023-07-26,A-,5.0,normal,Wednesday,0.9674
2023-07-27,A-,4.0,low,Thursday,0.9662
2023-07-28,A-,5.0,normal,Friday,0.9649
2023-07-29,A-,3.0,normal,Saturday,0.9637
2023-07-30,A-,3.0,low,Sunday,0.9625
2023-07-31,A-,7.0,normal,Monday,0.9613
2023-08-01,A-,6.0,normal,Tuesday,0.9601
2023-08-02,A-,5.0,low,Wednesday,0.9589
2023-08-03,A-,7.0,high,Thursday,0.9577
2023-08-04,A-,7.0,normal,Friday,0.9566
2023-08-05,A-,5.0,normal,Saturday,0.9554
2023-08-06,A-,2.0,normal,Sunday,0.9543
2023-08-07,A-,5.0,normal,Monday,0.9531
2023-08-08,A-,7.0,high,Tuesday,0.952
2023-08-09,A-,7.0,high,Wednesday,0.9509
2023-08-10,A-,6.0,normal,Thursday,0.9499
2023-08-11,A-,6.0,normal,Friday,0.9488
2023-08-12,A-,5.0,normal,Saturday,0.9477
2023-08-13,A-,3.0,normal,Sunday,0.9467
2023-08-14,A-,7.0,normal,Monday,0.9457
2023-08-15,A-,6.0,normal,Tuesday,0.9447
2023-08-16,A-,8.0,normal,Wednesday,0.9437
2023-08-17,A-,7.0,normal,Thursday,0.9427
2023-08-18,A-,7.0,high,Friday,0.9418
2023-08-19,A-,5.0,surge,Saturday,0.9408
2023-08-20,A-,3.0,normal,Sunday,0.9399
2023-08-21,A-,9.0,surge,Monday,0.939
2023-08-22,A-,7.0,normal,Tuesday,0.9381
2023-08-23,A-,4.0,normal,Wednesday,0.9373
2023-08-24,A-,5.0,normal,Thursday,0.9364
2023-08-25,A-,5.0,low,Friday,0.9356
2023-08-26,A-,3.0,normal,Saturday,0.9348
2023-08-27,A-,3.0,normal,Sunday,0.934
2023-08-28,A-,8.0,high,Monday,0.9333
2023-08-29,A-,7.0,normal,Tuesday,0.9325
2023-08-30,A-,7.0,normal,Wednesday,0.9318
2023-08-31,A-,7.0,normal,Thursday,0.9311
2023-09-01,A-,7.0,high,Friday,0.9304
2023-09-02,A-,3.0,normal,Saturday,0.9297
2023-09-03,A-,3.0,normal,Sunday,0.9291
2023-09-04,A-,3.0,low,Monday,0.9284
2023-09-05,A-,5.0,normal,Tuesday,0.9278
2023-09-06,A-,5.0,low,Wednesday,0.9272
2023-09-07,A-,4.0,low,Thursday,0.9267
2023-09-08,A-,5.0,normal,Friday,0.9261
2023-09-09,A-,5.0,normal,Saturday,0.9256
2023-09-10,A-,1.0,low,Sunday,0.9251
2023-09-11,A-,6.0,normal,Monday,0.9247
2023-09-12,A-,4.0,normal,Tuesday,0.9242
2023-09-13,A-,7.0,normal,Wednesday,0.9238
2023-09-14,A-,6.0,low,Thursday,0.9234
2023-09-15,A-,5.0,normal,Friday,0.923
2023-09-16,A-,4.0,normal,Saturday,0.9226
2023-09-17,A-,3.0,normal,Sunday,0.9223
2023-09-18,A-,5.0,normal,Monday,0.922
2023-09-19,A-,9.0,surge,Tuesday,0.9217
2023-09-20,A-,6.0,normal,Wednesday,0.9214
2023-09-21,A-,8.0,high,Thursday,0.9212
2023-09-22,A-,6.0,normal,Friday,0.9209
2023-09-23,A-,3.0,normal,Saturday,0.9207
2023-09-24,A-,4.0,normal,Sunday,0.9206
2023-09-25,A-,6.0,high,Monday,0.9204
2023-09-26,A-,6.0,normal,Tuesday,0.9203
2023-09-27,A-,4.0,low,Wednesday,0.9202
2023-09-28,A-,6.0,normal,Thursday,0.9201
2023-09-29,A-,6.0,normal,Friday,0.92
2023-09-30,A-,2.0,normal,Saturday,0.92
2023-10-01,A-,3.0,normal,Sunday,0.92
2023-10-02,A-,6.0,normal,Monday,0.92
2023-10-03,A-,7.0,high,Tuesday,0.9201
2023-10-04,A-,6.0,high,Wednesday,0.9201
2023-10-05,A-,6.0,normal,Thursday,0.9202
2023-10-06,A-,7.0,high,Friday,0.9203
2023-10-07,A-,5.0,normal,Saturday,0.9204
2023-10-08,A-,3.0,high,Sunday,0.9206
2023-10-09,A-,5.0,normal,Monday,0.9208
2023-10-10,A-,6.0,normal,Tuesday,0.921
2023-10-11,A-,6.0,normal,Wednesday,0.9212
2023-10-12,A-,6.0,normal,Thursday,0.9214
2023-10-13,A-,8.0,normal,Friday,0.9217
2023-10-14,A-,4.0,normal,Saturday,0.922
2023-10-15,A-,2.0,low,Sunday,0.9223
2023-10-16,A-,5.0,normal,Monday,0.9227
2023-10-17,A-,4.0,low,Tuesday,0.923
2023-10-18,A-,5.0,normal,Wednesday,0.9234
2023-10-19,A-,7.0,high,Thursday,0.9238
2023-10-20,A-,7.0,high,Friday,0.9243
2023-10-21,A-,5.0,high,Saturday,0.9247
2023-10-22,A-,2.0,normal,Sunday,0.9252
2023-10-23,A-,7.0,normal,Monday,0.9257
2023-10-24,A-,6.0,normal,Tuesday,0.9262
2023-10-25,A-,6.0,normal,Wednesday,0.9268
2023-10-26,A-,5.0,normal,Thursday,0.9273
2023-10-27,A-,7.0,normal,Friday,0.9279
2023-10-28,A-,0.0,low,Saturday,0.9285
2023-10-29,A-,3.0,normal,Sunday,0.9291
2023-10-30,A-,11.0,surge,Monday,0.9298
2023-10-31,A-,7.0,normal,Tuesday,0.9305
2023-11-01,A-,7.0,normal,Wednesday,0.9312
2023-11-02,A-,6.0,normal,Thursday,0.9319
2023-11-03,A-,4.0,low,Friday,0.9326
2023-11-04,A-,3.0,normal,Saturday,0.9333
2023-11-05,A-,6.0,normal,Sunday,0.9341
2023-11-06,A-,5.0,low,Monday,0.9349
2023-11-07,A-,5.0,normal,Tuesday,0.9357
2023-11-08,A-,7.0,normal,Wednesday,0.9365
2023-11-09,A-,9.0,surge,Thursday,0.9374
2023-11-10,A-,4.0,normal,Friday,0.9383
2023-11-11,A-,4.0,high,Saturday,0.9391
2023-11-12,A-,5.0,high,Sunday,0.94
2023-11-13,A-,6.0,normal,Monday,0.941
2023-11-14,A-,5.0,low,Tuesday,0.9419
2023-11-15,A-,7.0,normal,Wednesday,0.9429
2023-11-16,A-,5.0,normal,Thursday,0.9438
2023-11-17,A-,5.0,normal,Friday,0.9448
2023-11-18,A-,4.0,normal,Saturday,0.9458
2023-11-19,A-,4.0,low,Sunday,0.9468
2023-11-20,A-,5.0,normal,Monday,0.9479
2023-11-21,A-,6.0,normal,Tuesday,0.9489
2023-11-22,A-,6.0,normal,Wednesday,0.95
2023-11-23,A-,5.0,normal,Thursday,0.9511
2023-11-24,A-,4.0,low,Friday,0.9522
2023-11-25,A-,4.0,high,Saturday,0.9533
2023-11-26,A-,4.0,high,Sunday,0.9544
2023-11-27,A-,7.0,normal,Monday,0.9555
2023-11-28,A-,7.0,normal,Tuesday,0.9567
2023-11-29,A-,5.0,low,Wednesday,0.9579
2023-11-30,A-,10.0,surge,Thursday,0.959
2023-12-01,A-,6.0,low,Friday,0.9602
2023-12-02,A-,2.0,normal,Saturday,0.9614
2023-12-03,A-,3.0,high,Sunday,0.9626
2023-12-04,A-,8.0,high,Monday,0.9639
2023-12-05,A-,4.0,low,Tuesday,0.9651
2023-12-06,A-,6.0,normal,Wednesday,0.9663
2023-12-07,A-,6.0,normal,Thursday,0.9676
2023-12-08,A-,7.0,normal,Friday,0.9688
2023-12-09,A-,7.0,high,Saturday,0.9701
2023-12-10,A-,5.0,high,Sunday,0.9714
2023-12-11,A-,6.0,normal,Monday,0.9727
2023-12-12,A-,7.0,normal,Tuesday,0.974
2023-12-13,A-,5.0,normal,Wednesday,0.9753
2023-12-14,A-,4.0,normal,Thursday,0.9766
2023-12-15,A-,6.0,normal,Friday,0.9779
2023-12-16,A-,2.0,normal,Saturday,0.9793
2023-12-17,A-,3.0,normal,Sunday,0.9806
2023-12-18,A-,5.0,low,Monday,0.9819
2023-12-19,A-,10.0,high,Tuesday,0.9833
2023-12-20,A-,7.0,normal,Wednesday,0.9846
2023-12-21,A-,5.0,normal,Thursday,0.986
2023-12-22,A-,5.0,normal,Friday,0.9873
2023-12-23,A-,3.0,normal,Saturday,0.9887
2023-12-24,A-,4.0,low,Sunday,0.99
2023-12-25,A-,5.0,normal,Monday,0.9914
2023-12-26,A-,6.0,normal,Tuesday,0.9928
2023-12-27,A-,6.0,normal,Wednesday,0.9942
2023-12-28,A-,7.0,normal,Thursday,0.9955
2023-12-29,A-,7.0,normal,Friday,0.9969
2023-12-30,A-,4.0,normal,Saturday,0.9983
2023-12-31,A-,4.0,normal,Sunday,0.9997
2024-01-01,A-,5.0,normal,Monday,1.0014
2024-01-02,A-,7.0,normal,Tuesday,1.0028
2024-01-03,A-,8.0,normal,Wednesday,1.0041
2024-01-04,A-,8.0,normal,Thursday,1.0055
2024-01-05,A-,7.0,normal,Friday,1.0069
2024-01-06,A-,2.0,normal,Saturday,1.0082
2024-01-07,A-,4.0,normal,Sunday,1.0096
2024-01-08,A-,6.0,normal,Monday,1.011
2024-01-09,A-,5.0,normal,Tuesday,1.0123
2024-01-10,A-,6.0,normal,Wednesday,1.0137
2024-01-11,A-,6.0,normal,Thursday,1.015
2024-01-12,A-,7.0,normal,Friday,1.0164
2024-01-13,A-,5.0,normal,Saturday,1.0177
2024-01-14,A-,4.0,normal,Sunday,1.0191
2024-01-15,A-,7.0,normal,Monday,1.0204
2024-01-16,A-,5.0,low,Tuesday,1.0217
2024-01-17,A-,6.0,normal,Wednesday,1.0231
2024-01-18,A-,9.0,high,Thursday,1.0244
2024-01-19,A-,7.0,normal,Friday,1.0257
2024-01-20,A-,3.0,normal,Saturday,1.027
2024-01-21,A-,4.0,normal,Sunday,1.0283
2024-01-22,A-,7.0,normal,Monday,1.0296
2024-01-23,A-,6.0,normal,Tuesday,1.0308
2024-01-24,A-,6.0,normal,Wednesday,1.0321
2024-01-25,A-,7.0,normal,Thursday,1.0334
2024-01-26,A-,6.0,normal,Friday,1.0346
2024-01-27,A-,7.0,high,Saturday,1.0358
2024-01-28,A-,4.0,normal,Sunday,1.0371
2024-01-29,A-,7.0,normal,Monday,1.0383
2024-01-30,A-,7.0,normal,Tuesday,1.0395
2024-01-31,A-,10.0,surge,Wednesday,1.0407
2024-02-01,A-,5.0,normal,Thursday,1.0418
2024-02-02,A-,6.0,normal,Friday,1.043
2024-02-03,A-,3.0,normal,Saturday,1.0442
2024-02-04,A-,3.0,normal,Sunday,1.0453
2024-02-05,A-,6.0,normal,Monday,1.0464
2024-02-06,A-,8.0,normal,Tuesday,1.0476
2024-02-07,A-,8.0,normal,Wednesday,1.0486
2024-02-08,A-,6.0,normal,Thursday,1.0497
2024-02-09,A-,6.0,normal,Friday,1.0508
2024-02-10,A-,4.0,normal,Saturday,1.0519
2024-02-11,A-,5.0,normal,Sunday,1.0529
2024-02-12,A-,8.0,normal,Monday,1.0539
2024-02-13,A-,7.0,normal,Tuesday,1.0549
2024-02-14,A-,5.0,low,Wednesday,1.0559
2024-02-15,A-,7.0,normal,Thursday,1.0569
2024-02-16,A-,3.0,low,Friday,1.0579
2024-02-17,A-,3.0,normal,Saturday,1.0588
2024-02-18,A-,4.0,low,Sunday,1.0597
2024-02-19,A-,7.0,normal,Monday,1.0606
2024-02-20,A-,7.0,high,Tuesday,1.0615
2024-02-21,A-,5.0,low,Wednesday,1.0624
2024-02-22,A-,4.0,low,Thursday,1.0632
2024-02-23,A-,9.0,high,Friday,1.0641
2024-02-24,A-,5.0,normal,Saturday,1.0649
2024-02-25,A-,5.0,normal,Sunday,1.0657
2024-02-26,A-,7.0,normal,Monday,1.0665
2024-02-27,A-,8.0,normal,Tuesday,1.0672
2024-02-28,A-,8.0,normal,Wednesday,1.068
2024-02-29,A-,6.0,normal,Thursday,1.0687
2024-03-01,A-,7.0,normal,Friday,1.0694
2024-03-02,A-,4.0,normal,Saturday,1.07
2024-03-03,A-,2.0,low,Sunday,1.0707
2024-03-04,A-,8.0,normal,Monday,1.0713
2024-03-05,A-,8.0,normal,Tuesday,1.0719
2024-03-06,A-,5.0,low,Wednesday,1.0725
2024-03-07,A-,6.0,normal,Thursday,1.0731
2024-03-08,A-,8.0,normal,Friday,1.0737
2024-03-09,A-,5.0,low,Saturday,1.0742
2024-03-10,A-,3.0,normal,Sunday,1.0747
2024-03-11,A-,6.0,normal,Monday,1.0752
2024-03-12,A-,8.0,high,Tuesday,1.0756
2024-03-13,A-,8.0,normal,Wednesday,1.0761
2024-03-14,A-,7.0,normal,Thursday,1.0765
2024-03-15,A-,11.0,normal,Friday,1.0769
2024-03-16,A-,4.0,normal,Saturday,1.0772
2024-03-17,A-,4.0,normal,Sunday,1.0776
2024-03-18,A-,10.0,surge,Monday,1.0779
2024-03-19,A-,9.0,normal,Tuesday,1.0782
2024-03-20,A-,7.0,normal,Wednesday,1.0785
2024-03-21,A-,8.0,normal,Thursday,1.0787
2024-03-22,A-,5.0,normal,Friday,1.079
2024-03-23,A-,5.0,normal,Saturday,1.0792
2024-03-24,A-,4.0,normal,Sunday,1.0794
2024-03-25,A-,12.0,surge,Monday,1.0795
2024-03-26,A-,6.0,normal,Tuesday,1.0797
2024-03-27,A-,7.0,normal,Wednesday,1.0798
2024-03-28,A-,6.0,normal,Thursday,1.0799
2024-03-29,A-,12.0,surge,Friday,1.0799
2024-03-30,A-,6.0,high,Saturday,1.08
2024-03-31,A-,4.0,normal,Sunday,1.08
2024-04-01,A-,6.0,normal,Monday,1.08
2024-04-02,A-,8.0,normal,Tuesday,1.08
2024-04-03,A-,6.0,normal,Wednesday,1.0799
2024-04-04,A-,8.0,high,Thursday,1.0798
2024-04-05,A-,6.0,normal,Friday,1.0797
2024-04-06,A-,5.0,normal,Saturday,1.0796
2024-04-07,A-,5.0,normal,Sunday,1.0795
2024-04-08,A-,10.0,high,Monday,1.0793
2024-04-09,A-,8.0,normal,Tuesday,1.0791
2024-04-10,A-,8.0,normal,Wednesday,1.0789
2024-04-11,A-,7.0,normal,Thursday,1.0787
2024-04-12,A-,11.0,surge,Friday,1.0784
2024-04-13,A-,5.0,normal,Saturday,1.0781
2024-04-14,A-,4.0,normal,Sunday,1.0778
2024-04-15,A-,8.0,normal,Monday,1.0775
2024-04-16,A-,6.0,normal,Tuesday,1.0771
2024-04-17,A-,5.0,normal,Wednesday,1.0767
2024-04-18,A-,9.0,high,Thursday,1.0763
2024-04-19,A-,6.0,normal,Friday,1.0759
2024-04-20,A-,3.0,normal,Saturday,1.0755
2024-04-21,A-,7.0,high,Sunday,1.075
2024-04-22,A-,7.0,normal,Monday,1.0745
2024-04-23,A-,6.0,normal,Tuesday,1.074
2024-04-24,A-,6.0,normal,Wednesday,1.0734
2024-04-25,A-,7.0,normal,Thursday,1.0729
2024-04-26,A-,7.0,normal,Friday,1.0723
2024-04-27,A-,4.0,normal,Saturday,1.0717
2024-04-28,A-,4.0,normal,Sunday,1.0711
2024-04-29,A-,9.0,high,Monday,1.0705
2024-04-30,A-,9.0,high,Tuesday,1.0698
2024-05-01,A-,5.0,low,Wednesday,1.0691
2024-05-02,A-,9.0,normal,Thursday,1.0684
2024-05-03,A-,8.0,normal,Friday,1.0677
2024-05-04,A-,5.0,normal,Saturday,1.0669
2024-05-05,A-,6.0,high,Sunday,1.0662
2024-05-06,A-,8.0,normal,Monday,1.0654
2024-05-07,A-,5.0,low,Tuesday,1.0646
2024-05-08,A-,6.0,normal,Wednesday,1.0638
2024-05-09,A-,7.0,normal,Thursday,1.0629
2024-05-10,A-,5.0,low,Friday,1.0621
2024-05-11,A-,5.0,normal,Saturday,1.0612
2024-05-12,A-,3.0,normal,Sunday,1.0603
2024-05-13,A-,6.0,normal,Monday,1.0594
2024-05-14,A-,7.0,normal,Tuesday,1.0585
2024-05-15,A-,9.0,high,Wednesday,1.0575
2024-05-16,A-,4.0,low,Thursday,1.0565
2024-05-17,A-,6.0,normal,Friday,1.0556
2024-05-18,A-,5.0,normal,Saturday,1.0546
2024-05-19,A-,3.0,normal,Sunday,1.0535
2024-05-20,A-,6.0,normal,Monday,1.0525
2024-05-21,A-,8.0,normal,Tuesday,1.0515
2024-05-22,A-,5.0,low,Wednesday,1.0504
2024-05-23,A-,10.0,surge,Thursday,1.0493
2024-05-24,A-,7.0,normal,Friday,1.0482
2024-05-25,A-,4.0,normal,Saturday,1.0471
2024-05-26,A-,4.0,normal,Sunday,1.046
2024-05-27,A-,4.0,low,Monday,1.0449
2024-05-28,A-,7.0,normal,Tuesday,1.0437
2024-05-29,A-,6.0,normal,Wednesday,1.0426
2024-05-30,A-,7.0,normal,Thursday,1.0414
2024-05-31,A-,7.0,normal,Friday,1.0402
2024-06-01,A-,5.0,high,Saturday,1.039
2024-06-02,A-,2.0,low,Sunday,1.0378
2024-06-03,A-,9.0,high,Monday,1.0366
2024-06-04,A-,6.0,normal,Tuesday,1.0354
2024-06-05,A-,4.0,low,Wednesday,1.0341
2024-06-06,A-,7.0,normal,Thursday,1.0329
2024-06-07,A-,7.0,normal,Friday,1.0316
2024-06-08,A-,4.0,normal,Saturday,1.0304
2024-06-09,A-,3.0,normal,Sunday,1.0291
2024-06-10,A-,7.0,normal,Monday,1.0278
2024-06-11,A-,7.0,normal,Tuesday,1.0265
2024-06-12,A-,8.0,normal,Wednesday,1.0252
2024-06-13,A-,6.0,normal,Thursday,1.0239
2024-06-14,A-,7.0,normal,Friday,1.0226
2024-06-15,A-,7.0,normal,Saturday,1.0212
2024-06-16,A-,5.0,normal,Sunday,1.0199
2024-06-17,A-,9.0,surge,Monday,1.0186
2024-06-18,A-,7.0,normal,Tuesday,1.0172
2024-06-19,A-,7.0,normal,Wednesday,1.0159
2024-06-20,A-,4.0,low,Thursday,1.0145
2024-06-21,A-,7.0,normal,Friday,1.0132
2024-06-22,A-,3.0,normal,Saturday,1.0118
2024-06-23,A-,3.0,normal,Sunday,1.0105
2024-06-24,A-,6.0,normal,Monday,1.0091
2024-06-25,A-,8.0,high,Tuesday,1.0077
2024-06-26,A-,7.0,normal,Wednesday,1.0064
2024-06-27,A-,10.0,surge,Thursday,1.005
2024-06-28,A-,7.0,high,Friday,1.0036
2024-06-29,A-,5.0,normal,Saturday,1.0022
2024-06-30,A-,4.0,normal,Sunday,1.0009
2024-07-01,A-,3.0,low,Monday,0.9995
2024-07-02,A-,5.0,normal,Tuesday,0.9981
2024-07-03,A-,6.0,normal,Wednesday,0.9967
2024-07-04,A-,5.0,normal,Thursday,0.9954
2024-07-05,A-,5.0,low,Friday,0.994
2024-07-06,A-,3.0,normal,Saturday,0.9926
2024-07-07,A-,4.0,normal,Sunday,0.9912
2024-07-08,A-,6.0,low,Monday,0.9899
2024-07-09,A-,8.0,high,Tuesday,0.9885
2024-07-10,A-,5.0,normal,Wednesday,0.9872
2024-07-11,A-,6.0,normal,Thursday,0.9858
2024-07-12,A-,6.0,normal,Friday,0.9844
2024-07-13,A-,4.0,normal,Saturday,0.9831
2024-07-14,A-,5.0,normal,Sunday,0.9818
2024-07-15,A-,10.0,high,Monday,0.9804
2024-07-16,A-,9.0,high,Tuesday,0.9791
2024-07-17,A-,6.0,normal,Wednesday,0.9778
2024-07-18,A-,6.0,normal,Thursday,0.9764
2024-07-19,A-,8.0,normal,Friday,0.9751
2024-07-20,A-,4.0,normal,Saturday,0.9738
2024-07-21,A-,3.0,normal,Sunday,0.9725
2024-07-22,A-,7.0,normal,Monday,0.9712
2024-07-23,A-,7.0,normal,Tuesday,0.97
2024-07-24,A-,5.0,normal,Wednesday,0.9687
2024-07-25,A-,6.0,normal,Thursday,0.9674
2024-07-26,A-,5.0,normal,Friday,0.9662
2024-07-27,A-,2.0,normal,Saturday,0.9649
2024-07-28,A-,5.0,normal,Sunday,0.9637
2024-07-29,A-,6.0,normal,Monday,0.9625
2024-07-30,A-,6.0,normal,Tuesday,0.9613
2024-07-31,A-,6.0,normal,Wednesday,0.9601
2024-08-01,A-,4.0,low,Thursday,0.9589
2024-08-02,A-,6.0,normal,Friday,0.9577
2024-08-03,A-,3.0,normal,Saturday,0.9566
2024-08-04,A-,3.0,normal,Sunday,0.9554
2024-08-05,A-,9.0,high,Monday,0.9543
2024-08-06,A-,7.0,normal,Tuesday,0.9531
2024-08-07,A-,9.0,surge,Wednesday,0.952
2024-08-08,A-,8.0,normal,Thursday,0.9509
2024-08-09,A-,6.0,normal,Friday,0.9499
2024-08-10,A-,3.0,normal,Saturday,0.9488
2024-08-11,A-,5.0,high,Sunday,0.9477
2024-08-12,A-,8.0,normal,Monday,0.9467
2024-08-13,A-,7.0,normal,Tuesday,0.9457
2024-08-14,A-,5.0,normal,Wednesday,0.9447
2024-08-15,A-,5.0,normal,Thursday,0.9437
2024-08-16,A-,7.0,high,Friday,0.9427
2024-08-17,A-,3.0,low,Saturday,0.9418
2024-08-18,A-,4.0,normal,Sunday,0.9408
2024-08-19,A-,7.0,normal,Monday,0.9399
2024-08-20,A-,8.0,high,Tuesday,0.939
2024-08-21,A-,6.0,normal,Wednesday,0.9381
2024-08-22,A-,8.0,high,Thursday,0.9373
2024-08-23,A-,7.0,normal,Friday,0.9364
2024-08-24,A-,4.0,normal,Saturday,0.9356
2024-08-25,A-,3.0,normal,Sunday,0.9348
2024-08-26,A-,7.0,normal,Monday,0.934
2024-08-27,A-,7.0,normal,Tuesday,0.9333
2024-08-28,A-,8.0,high,Wednesday,0.9325
2024-08-29,A-,6.0,normal,Thursday,0.9318
2024-08-30,A-,6.0,normal,Friday,0.9311
2024-08-31,A-,4.0,normal,Saturday,0.9304
2024-09-01,A-,4.0,normal,Sunday,0.9297
2024-09-02,A-,8.0,normal,Monday,0.9291
2024-09-03,A-,6.0,normal,Tuesday,0.9284
2024-09-04,A-,9.0,surge,Wednesday,0.9278
2024-09-05,A-,4.0,low,Thursday,0.9272
2024-09-06,A-,7.0,normal,Friday,0.9267
2024-09-07,A-,5.0,normal,Saturday,0.9261
2024-09-08,A-,3.0,normal,Sunday,0.9256
2024-09-09,A-,7.0,normal,Monday,0.9251
2024-09-10,A-,5.0,low,Tuesday,0.9247
2024-09-11,A-,9.0,high,Wednesday,0.9242
2024-09-12,A-,5.0,normal,Thursday,0.9238
2024-09-13,A-,7.0,normal,Friday,0.9234
2024-09-14,A-,3.0,normal,Saturday,0.923
2024-09-15,A-,3.0,normal,Sunday,0.9226
2024-09-16,A-,5.0,low,Monday,0.9223
2024-09-17,A-,5.0,normal,Tuesday,0.922
2024-09-18,A-,6.0,normal,Wednesday,0.9217
2024-09-19,A-,5.0,normal,Thursday,0.9214
2024-09-20,A-,7.0,normal,Friday,0.9212
2024-09-21,A-,3.0,normal,Saturday,0.9209
2024-09-22,A-,4.0,normal,Sunday,0.9207
2024-09-23,A-,6.0,normal,Monday,0.9206
2024-09-24,A-,6.0,normal,Tuesday,0.9204
2024-09-25,A-,6.0,normal,Wednesday,0.9203
2024-09-26,A-,6.0,normal,Thursday,0.9202
2024-09-27,A-,6.0,high,Friday,0.9201
2024-09-28,A-,3.0,normal,Saturday,0.92
2024-09-29,A-,4.0,normal,Sunday,0.92
2024-09-30,A-,6.0,normal,Monday,0.92
2024-10-01,A-,9.0,surge,Tuesday,0.92
2024-10-02,A-,5.0,normal,Wednesday,0.9201
2024-10-03,A-,6.0,normal,Thursday,0.9201
2024-10-04,A-,8.0,high,Friday,0.9202
2024-10-05,A-,3.0,normal,Saturday,0.9203
2024-10-06,A-,5.0,normal,Sunday,0.9204
2024-10-07,A-,7.0,normal,Monday,0.9206
2024-10-08,A-,9.0,surge,Tuesday,0.9208
2024-10-09,A-,5.0,normal,Wednesday,0.921
2024-10-10,A-,6.0,high,Thursday,0.9212
2024-10-11,A-,6.0,normal,Friday,0.9214
2024-10-12,A-,6.0,surge,Saturday,0.9217
2024-10-13,A-,3.0,high,Sunday,0.922
2024-10-14,A-,9.0,surge,Monday,0.9223
2024-10-15,A-,7.0,normal,Tuesday,0.9227
2024-10-16,A-,4.0,normal,Wednesday,0.923
2024-10-17,A-,4.0,low,Thursday,0.9234
2024-10-18,A-,6.0,normal,Friday,0.9238
2024-10-19,A-,4.0,normal,Saturday,0.9243
2024-10-20,A-,5.0,normal,Sunday,0.9247
2024-10-21,A-,6.0,normal,Monday,0.9252
2024-10-22,A-,6.0,normal,Tuesday,0.9257
2024-10-23,A-,7.0,normal,Wednesday,0.9262
2024-10-24,A-,6.0,normal,Thursday,0.9268
2024-10-25,A-,6.0,normal,Friday,0.9273
2024-10-26,A-,4.0,normal,Saturday,0.9279
2024-10-27,A-,5.0,normal,Sunday,0.9285
2024-10-28,A-,7.0,normal,Monday,0.9291
2024-10-29,A-,6.0,normal,Tuesday,0.9298
2024-10-30,A-,7.0,normal,Wednesday,0.9305
2024-10-31,A-,6.0,normal,Thursday,0.9312
2024-11-01,A-,6.0,normal,Friday,0.9319
2024-11-02,A-,5.0,high,Saturday,0.9326
2024-11-03,A-,3.0,normal,Sunday,0.9333
2024-11-04,A-,9.0,high,Monday,0.9341
2024-11-05,A-,6.0,normal,Tuesday,0.9349
2024-11-06,A-,6.0,normal,Wednesday,0.9357
2024-11-07,A-,5.0,low,Thursday,0.9365
2024-11-08,A-,7.0,high,Friday,0.9374
2024-11-09,A-,2.0,low,Saturday,0.9383
2024-11-10,A-,4.0,normal,Sunday,0.9391
2024-11-11,A-,7.0,high,Monday,0.94
2024-11-12,A-,5.0,normal,Tuesday,0.941
2024-11-13,A-,4.0,normal,Wednesday,0.9419
2024-11-14,A-,6.0,high,Thursday,0.9429
2024-11-15,A-,5.0,normal,Friday,0.9438
2024-11-16,A-,5.0,normal,Saturday,0.9448
2024-11-17,A-,2.0,normal,Sunday,0.9458
2024-11-18,A-,5.0,normal,Monday,0.9468
2024-11-19,A-,6.0,normal,Tuesday,0.9479
2024-11-20,A-,7.0,normal,Wednesday,0.9489
2024-11-21,A-,7.0,normal,Thursday,0.95
2024-11-22,A-,5.0,normal,Friday,0.9511
2024-11-23,A-,4.0,normal,Saturday,0.9522
2024-11-24,A-,4.0,normal,Sunday,0.9533
2024-11-25,A-,6.0,normal,Monday,0.9544
2024-11-26,A-,6.0,normal,Tuesday,0.9555
2024-11-27,A-,7.0,normal,Wednesday,0.9567
2024-11-28,A-,6.0,normal,Thursday,0.9579
2024-11-29,A-,5.0,low,Friday,0.959
2024-11-30,A-,4.0,low,Saturday,0.9602
2024-12-01,A-,3.0,normal,Sunday,0.9614
2024-12-02,A-,8.0,normal,Monday,0.9626
2024-12-03,A-,6.0,normal,Tuesday,0.9639
2024-12-04,A-,6.0,normal,Wednesday,0.9651
2024-12-05,A-,6.0,normal,Thursday,0.9663
2024-12-06,A-,6.0,normal,Friday,0.9676
2024-12-07,A-,4.0,low,Saturday,0.9688
2024-12-08,A-,3.0,low,Sunday,0.9701
2024-12-09,A-,5.0,normal,Monday,0.9714
2024-12-10,A-,6.0,normal,Tuesday,0.9727
2024-12-11,A-,8.0,high,Wednesday,0.974
2024-12-12,A-,6.0,normal,Thursday,0.9753
2024-12-13,A-,6.0,normal,Friday,0.9766
2024-12-14,A-,4.0,high,Saturday,0.9779
2024-12-15,A-,4.0,normal,Sunday,0.9793
2024-12-16,A-,7.0,normal,Monday,0.9806
2024-12-17,A-,7.0,normal,Tuesday,0.9819
2024-12-18,A-,4.0,low,Wednesday,0.9833
2024-12-19,A-,8.0,high,Thursday,0.9846
2024-12-20,A-,6.0,normal,Friday,0.986
2024-12-21,A-,3.0,normal,Saturday,0.9873
2024-12-22,A-,3.0,low,Sunday,0.9887
2024-12-23,A-,6.0,normal,Monday,0.99
2024-12-24,A-,5.0,normal,Tuesday,0.9914
2024-12-25,A-,5.0,normal,Wednesday,0.9928
2024-12-26,A-,7.0,normal,Thursday,0.9942
2024-12-27,A-,6.0,normal,Friday,0.9955
2024-12-28,A-,4.0,normal,Saturday,0.9969
2024-12-29,A-,4.0,normal,Sunday,0.9983
2024-12-30,A-,6.0,normal,Monday,0.9997
2024-12-31,A-,7.0,normal,Tuesday,1.001
2023-01-01,B-,3.0,normal,Sunday,1.0014
2023-01-02,B-,4.0,normal,Monday,1.0028
2023-01-03,B-,5.0,normal,Tuesday,1.0041
2023-01-04,B-,4.0,normal,Wednesday,1.0055
2023-01-05,B-,6.0,high,Thursday,1.0069
2023-01-06,B-,3.0,normal,Friday,1.0082
2023-01-07,B-,3.0,normal,Saturday,1.0096
2023-01-08,B-,4.0,normal,Sunday,1.011
2023-01-09,B-,6.0,normal,Monday,1.0123
2023-01-10,B-,3.0,normal,Tuesday,1.0137
2023-01-11,B-,4.0,normal,Wednesday,1.015
2023-01-12,B-,3.0,normal,Thursday,1.0164
2023-01-13,B-,4.0,normal,Friday,1.0177
2023-01-14,B-,3.0,low,Saturday,1.0191
2023-01-15,B-,4.0,normal,Sunday,1.0204
2023-01-16,B-,5.0,normal,Monday,1.0217
2023-01-17,B-,3.0,normal,Tuesday,1.0231
2023-01-18,B-,4.0,normal,Wednesday,1.0244
2023-01-19,B-,4.0,normal,Thursday,1.0257
2023-01-20,B-,4.0,normal,Friday,1.027
2023-01-21,B-,2.0,normal,Saturday,1.0283
2023-01-22,B-,1.0,normal,Sunday,1.0296
2023-01-23,B-,8.0,surge,Monday,1.0308
2023-01-24,B-,4.0,normal,Tuesday,1.0321
2023-01-25,B-,4.0,normal,Wednesday,1.0334
2023-01-26,B-,6.0,normal,Thursday,1.0346
2023-01-27,B-,3.0,normal,Friday,1.0358
2023-01-28,B-,4.0,high,Saturday,1.0371
2023-01-29,B-,3.0,normal,Sunday,1.0383
2023-01-30,B-,5.0,normal,Monday,1.0395
2023-01-31,B-,5.0,normal,Tuesday,1.0407
2023-02-01,B-,6.0,high,Wednesday,1.0418
2023-02-02,B-,6.0,high,Thursday,1.043
2023-02-03,B-,4.0,normal,Friday,1.0442
2023-02-04,B-,2.0,high,Saturday,1.0453
2023-02-05,B-,4.0,normal,Sunday,1.0464
2023-02-06,B-,5.0,normal,Monday,1.0476
2023-02-07,B-,4.0,normal,Tuesday,1.0486
2023-02-08,B-,3.0,normal,Wednesday,1.0497
2023-02-09,B-,2.0,normal,Thursday,1.0508
2023-02-10,B-,7.0,surge,Friday,1.0519
2023-02-11,B-,1.0,normal,Saturday,1.0529
2023-02-12,B-,3.0,normal,Sunday,1.0539
2023-02-13,B-,4.0,normal,Monday,1.0549
2023-02-14,B-,4.0,normal,Tuesday,1.0559
2023-02-15,B-,5.0,normal,Wednesday,1.0569
2023-02-16,B-,4.0,normal,Thursday,1.0579
2023-02-17,B-,4.0,normal,Friday,1.0588
2023-02-18,B-,2.0,normal,Saturday,1.0597
2023-02-19,B-,4.0,surge,Sunday,1.0606
2023-02-20,B-,5.0,normal,Monday,1.0615
2023-02-21,B-,4.0,normal,Tuesday,1.0624
2023-02-22,B-,5.0,normal,Wednesday,1.0632
2023-02-23,B-,3.0,normal,Thursday,1.0641
2023-02-24,B-,3.0,normal,Friday,1.0649
2023-02-25,B-,3.0,surge,Saturday,1.0657
2023-02-26,B-,3.0,normal,Sunday,1.0665
2023-02-27,B-,6.0,high,Monday,1.0672
2023-02-28,B-,2.0,normal,Tuesday,1.068
2023-03-01,B-,5.0,normal,Wednesday,1.0687
2023-03-02,B-,5.0,low,Thursday,1.0694
2023-03-03,B-,4.0,normal,Friday,1.07
2023-03-04,B-,4.0,normal,Saturday,1.0707
2023-03-05,B-,5.0,surge,Sunday,1.0713
2023-03-06,B-,7.0,high,Monday,1.0719
2023-03-07,B-,5.0,normal,Tuesday,1.0725
2023-03-08,B-,4.0,normal,Wednesday,1.0731
2023-03-09,B-,5.0,normal,Thursday,1.0737
2023-03-10,B-,3.0,low,Friday,1.0742
2023-03-11,B-,4.0,normal,Saturday,1.0747
2023-03-12,B-,2.0,normal,Sunday,1.0752
2023-03-13,B-,5.0,normal,Monday,1.0756
2023-03-14,B-,6.0,normal,Tuesday,1.0761
2023-03-15,B-,5.0,normal,Wednesday,1.0765
2023-03-16,B-,4.0,normal,Thursday,1.0769
2023-03-17,B-,6.0,surge,Friday,1.0772
2023-03-18,B-,1.0,normal,Saturday,1.0776
2023-03-19,B-,3.0,normal,Sunday,1.0779
2023-03-20,B-,4.0,normal,Monday,1.0782
2023-03-21,B-,3.0,normal,Tuesday,1.0785
2023-03-22,B-,5.0,normal,Wednesday,1.0787
2023-03-23,B-,6.0,high,Thursday,1.079
2023-03-24,B-,4.0,normal,Friday,1.0792
2023-03-25,B-,4.0,normal,Saturday,1.0794
2023-03-26,B-,1.0,normal,Sunday,1.0795
2023-03-27,B-,3.0,low,Monday,1.0797
2023-03-28,B-,6.0,high,Tuesday,1.0798
2023-03-29,B-,4.0,normal,Wednesday,1.0799
2023-03-30,B-,5.0,normal,Thursday,1.0799
2023-03-31,B-,5.0,normal,Friday,1.08
2023-04-01,B-,2.0,surge,Saturday,1.08
2023-04-02,B-,4.0,normal,Sunday,1.08
2023-04-03,B-,5.0,normal,Monday,1.08
2023-04-04,B-,4.0,normal,Tuesday,1.0799
2023-04-05,B-,3.0,normal,Wednesday,1.0798
2023-04-06,B-,5.0,normal,Thursday,1.0797
2023-04-07,B-,3.0,normal,Friday,1.0796
2023-04-08,B-,3.0,normal,Saturday,1.0795
2023-04-09,B-,2.0,normal,Sunday,1.0793
2023-04-10,B-,4.0,normal,Monday,1.0791
2023-04-11,B-,8.0,surge,Tuesday,1.0789
2023-04-12,B-,4.0,normal,Wednesday,1.0787
2023-04-13,B-,7.0,high,Thursday,1.0784
2023-04-14,B-,7.0,surge,Friday,1.0781
2023-04-15,B-,2.0,normal,Saturday,1.0778
2023-04-16,B-,2.0,normal,Sunday,1.0775
2023-04-17,B-,4.0,normal,Monday,1.0771
2023-04-18,B-,4.0,normal,Tuesday,1.0767
2023-04-19,B-,6.0,normal,Wednesday,1.0763
2023-04-20,B-,6.0,normal,Thursday,1.0759
2023-04-21,B-,3.0,low,Friday,1.0755
2023-04-22,B-,2.0,normal,Saturday,1.075
2023-04-23,B-,3.0,normal,Sunday,1.0745
2023-04-24,B-,5.0,normal,Monday,1.074
2023-04-25,B-,6.0,normal,Tuesday,1.0734
2023-04-26,B-,6.0,normal,Wednesday,1.0729
2023-04-27,B-,4.0,normal,Thursday,1.0723
2023-04-28,B-,3.0,normal,Friday,1.0717
2023-04-29,B-,3.0,normal,Saturday,1.0711
2023-04-30,B-,3.0,normal,Sunday,1.0705
2023-05-01,B-,3.0,normal,Monday,1.0698
2023-05-02,B-,1.0,low,Tuesday,1.0691
2023-05-03,B-,3.0,normal,Wednesday,1.0684
2023-05-04,B-,4.0,low,Thursday,1.0677
2023-05-05,B-,4.0,normal,Friday,1.0669
2023-05-06,B-,3.0,normal,Saturday,1.0662
2023-05-07,B-,2.0,normal,Sunday,1.0654
2023-05-08,B-,5.0,normal,Monday,1.0646
2023-05-09,B-,5.0,normal,Tuesday,1.0638
2023-05-10,B-,5.0,normal,Wednesday,1.0629
2023-05-11,B-,5.0,high,Thursday,1.0621
2023-05-12,B-,2.0,low,Friday,1.0612
2023-05-13,B-,1.0,normal,Saturday,1.0603
2023-05-14,B-,2.0,normal,Sunday,1.0594
2023-05-15,B-,5.0,normal,Monday,1.0585
2023-05-16,B-,7.0,high,Tuesday,1.0575
2023-05-17,B-,3.0,normal,Wednesday,1.0565
2023-05-18,B-,3.0,low,Thursday,1.0556
2023-05-19,B-,6.0,normal,Friday,1.0546
2023-05-20,B-,5.0,high,Saturday,1.0535
2023-05-21,B-,2.0,normal,Sunday,1.0525
2023-05-22,B-,5.0,normal,Monday,1.0515
2023-05-23,B-,5.0,normal,Tuesday,1.0504
2023-05-24,B-,5.0,normal,Wednesday,1.0493
2023-05-25,B-,4.0,high,Thursday,1.0482
2023-05-26,B-,4.0,normal,Friday,1.0471
2023-05-27,B-,2.0,normal,Saturday,1.046
2023-05-28,B-,3.0,high,Sunday,1.0449
2023-05-29,B-,3.0,low,Monday,1.0437
2023-05-30,B-,6.0,normal,Tuesday,1.0426
2023-05-31,B-,6.0,surge,Wednesday,1.0414
2023-06-01,B-,6.0,high,Thursday,1.0402
2023-06-02,B-,3.0,low,Friday,1.039
2023-06-03,B-,2.0,low,Saturday,1.0378
2023-06-04,B-,2.0,normal,Sunday,1.0366
2023-06-05,B-,4.0,normal,Monday,1.0354
2023-06-06,B-,2.0,normal,Tuesday,1.0341
2023-06-07,B-,5.0,normal,Wednesday,1.0329
2023-06-08,B-,3.0,high,Thursday,1.0316
2023-06-09,B-,5.0,normal,Friday,1.0304
2023-06-10,B-,2.0,normal,Saturday,1.0291
2023-06-11,B-,1.0,low,Sunday,1.0278
2023-06-12,B-,5.0,normal,Monday,1.0265
2023-06-13,B-,4.0,normal,Tuesday,1.0252
2023-06-14,B-,4.0,normal,Wednesday,1.0239
2023-06-15,B-,3.0,normal,Thursday,1.0226
2023-06-16,B-,6.0,normal,Friday,1.0212
2023-06-17,B-,3.0,high,Saturday,1.0199
2023-06-18,B-,3.0,normal,Sunday,1.0186
2023-06-19,B-,4.0,low,Monday,1.0172
2023-06-20,B-,6.0,high,Tuesday,1.0159
2023-06-21,B-,2.0,normal,Wednesday,1.0145
2023-06-22,B-,6.0,normal,Thursday,1.0132
2023-06-23,B-,4.0,normal,Friday,1.0118
2023-06-24,B-,4.0,normal,Saturday,1.0105
2023-06-25,B-,2.0,normal,Sunday,1.0091
2023-06-26,B-,4.0,normal,Monday,1.0077
2023-06-27,B-,5.0,normal,Tuesday,1.0064
2023-06-28,B-,6.0,normal,Wednesday,1.005
2023-06-29,B-,5.0,normal,Thursday,1.0036
2023-06-30,B-,3.0,low,Friday,1.0022
2023-07-01,B-,3.0,normal,Saturday,1.0009
2023-07-02,B-,3.0,normal,Sunday,0.9995
2023-07-03,B-,5.0,normal,Monday,0.9981
2023-07-04,B-,5.0,normal,Tuesday,0.9967
2023-07-05,B-,3.0,normal,Wednesday,0.9954
2023-07-06,B-,3.0,normal,Thursday,0.994
2023-07-07,B-,5.0,normal,Friday,0.9926
2023-07-08,B-,1.0,normal,Saturday,0.9912
2023-07-09,B-,3.0,normal,Sunday,0.9899
2023-07-10,B-,4.0,low,Monday,0.9885
2023-07-11,B-,4.0,normal,Tuesday,0.9872
2023-07-12,B-,4.0,high,Wednesday,0.9858
2023-07-13,B-,3.0,normal,Thursday,0.9844
2023-07-14,B-,4.0,normal,Friday,0.9831
2023-07-15,B-,5.0,high,Saturday,0.9818
2023-07-16,B-,2.0,low,Sunday,0.9804
2023-07-17,B-,5.0,normal,Monday,0.9791
2023-07-18,B-,4.0,normal,Tuesday,0.9778
2023-07-19,B-,3.0,normal,Wednesday,0.9764
2023-07-20,B-,4.0,low,Thursday,0.9751
2023-07-21,B-,3.0,normal,Friday,0.9738
2023-07-22,B-,3.0,normal,Saturday,0.9725
2023-07-23,B-,3.0,normal,Sunday,0.9712
2023-07-24,B-,3.0,normal,Monday,0.97
2023-07-25,B-,3.0,normal,Tuesday,0.9687
2023-07-26,B-,4.0,normal,Wednesday,0.9674
2023-07-27,B-,4.0,high,Thursday,0.9662
2023-07-28,B-,5.0,high,Friday,0.9649
2023-07-29,B-,2.0,normal,Saturday,0.9637
2023-07-30,B-,2.0,normal,Sunday,0.9625
2023-07-31,B-,2.0,normal,Monday,0.9613
2023-08-01,B-,5.0,surge,Tuesday,0.9601
2023-08-02,B-,5.0,normal,Wednesday,0.9589
2023-08-03,B-,3.0,normal,Thursday,0.9577
2023-08-04,B-,4.0,normal,Friday,0.9566
2023-08-05,B-,2.0,normal,Saturday,0.9554
2023-08-06,B-,4.0,high,Sunday,0.9543
2023-08-07,B-,3.0,normal,Monday,0.9531
2023-08-08,B-,3.0,normal,Tuesday,0.952
2023-08-09,B-,4.0,normal,Wednesday,0.9509
2023-08-10,B-,5.0,high,Thursday,0.9499
2023-08-11,B-,4.0,normal,Friday,0.9488
2023-08-12,B-,3.0,normal,Saturday,0.9477
2023-08-13,B-,4.0,high,Sunday,0.9467
2023-08-14,B-,3.0,normal,Monday,0.9457
2023-08-15,B-,4.0,normal,Tuesday,0.9447
2023-08-16,B-,3.0,normal,Wednesday,0.9437
2023-08-17,B-,2.0,normal,Thursday,0.9427
2023-08-18,B-,4.0,normal,Friday,0.9418
2023-08-19,B-,3.0,high,Saturday,0.9408
2023-08-20,B-,2.0,normal,Sunday,0.9399
2023-08-21,B-,5.0,normal,Monday,0.939
2023-08-22,B-,3.0,normal,Tuesday,0.9381
2023-08-23,B-,4.0,normal,Wednesday,0.9373
2023-08-24,B-,4.0,normal,Thursday,0.9364
2023-08-25,B-,4.0,normal,Friday,0.9356
2023-08-26,B-,1.0,normal,Saturday,0.9348
2023-08-27,B-,3.0,low,Sunday,0.934
2023-08-28,B-,4.0,normal,Monday,0.9333
2023-08-29,B-,4.0,normal,Tuesday,0.9325
2023-08-30,B-,3.0,normal,Wednesday,0.9318
2023-08-31,B-,4.0,normal,Thursday,0.9311
2023-09-01,B-,4.0,normal,Friday,0.9304
2023-09-02,B-,3.0,normal,Saturday,0.9297
2023-09-03,B-,3.0,normal,Sunday,0.9291
2023-09-04,B-,5.0,normal,Monday,0.9284
2023-09-05,B-,5.0,normal,Tuesday,0.9278
2023-09-06,B-,4.0,low,Wednesday,0.9272
2023-09-07,B-,4.0,normal,Thursday,0.9267
2023-09-08,B-,4.0,normal,Friday,0.9261
2023-09-09,B-,2.0,normal,Saturday,0.9256
2023-09-10,B-,3.0,normal,Sunday,0.9251
2023-09-11,B-,4.0,normal,Monday,0.9247
2023-09-12,B-,3.0,normal,Tuesday,0.9242
2023-09-13,B-,4.0,normal,Wednesday,0.9238
2023-09-14,B-,5.0,normal,Thursday,0.9234
2023-09-15,B-,5.0,normal,Friday,0.923
2023-09-16,B-,2.0,normal,Saturday,0.9226
2023-09-17,B-,4.0,normal,Sunday,0.9223
2023-09-18,B-,3.0,normal,Monday,0.922
2023-09-19,B-,3.0,normal,Tuesday,0.9217
2023-09-20,B-,5.0,normal,Wednesday,0.9214
2023-09-21,B-,2.0,normal,Thursday,0.9212
2023-09-22,B-,4.0,normal,Friday,0.9209
2023-09-23,B-,2.0,normal,Saturday,0.9207
2023-09-24,B-,4.0,normal,Sunday,0.9206
2023-09-25,B-,3.0,normal,Monday,0.9204
2023-09-26,B-,3.0,normal,Tuesday,0.9203
2023-09-27,B-,6.0,high,Wednesday,0.9202
2023-09-28,B-,4.0,normal,Thursday,0.9201
2023-09-29,B-,5.0,normal,Friday,0.92
2023-09-30,B-,2.0,high,Saturday,0.92
2023-10-01,B-,2.0,normal,Sunday,0.92
2023-10-02,B-,5.0,normal,Monday,0.92
2023-10-03,B-,6.0,normal,Tuesday,0.9201
2023-10-04,B-,5.0,normal,Wednesday,0.9201
2023-10-05,B-,3.0,normal,Thursday,0.9202
2023-10-06,B-,4.0,normal,Friday,0.9203
2023-10-07,B-,1.0,normal,Saturday,0.9204
2023-10-08,B-,2.0,normal,Sunday,0.9206
2023-10-09,B-,3.0,normal,Monday,0.9208
2023-10-10,B-,3.0,normal,Tuesday,0.921
2023-10-11,B-,4.0,normal,Wednesday,0.9212
2023-10-12,B-,1.0,low,Thursday,0.9214
2023-10-13,B-,4.0,normal,Friday,0.9217
2023-10-14,B-,3.0,normal,Saturday,0.922
2023-10-15,B-,2.0,normal,Sunday,0.9223
2023-10-16,B-,4.0,normal,Monday,0.9227
2023-10-17,B-,5.0,normal,Tuesday,0.923
2023-10-18,B-,3.0,normal,Wednesday,0.9234
2023-10-19,B-,3.0,low,Thursday,0.9238
2023-10-20,B-,7.0,normal,Friday,0.9243
2023-10-21,B-,2.0,normal,Saturday,0.9247
2023-10-22,B-,3.0,normal,Sunday,0.9252
2023-10-23,B-,5.0,surge,Monday,0.9257
2023-10-24,B-,5.0,normal,Tuesday,0.9262
2023-10-25,B-,3.0,normal,Wednesday,0.9268
2023-10-26,B-,4.0,normal,Thursday,0.9273
2023-10-27,B-,1.0,low,Friday,0.9279
2023-10-28,B-,0.0,low,Saturday,0.9285
2023-10-29,B-,2.0,normal,Sunday,0.9291
2023-10-30,B-,4.0,normal,Monday,0.9298
2023-10-31,B-,3.0,low,Tuesday,0.9305
2023-11-01,B-,4.0,normal,Wednesday,0.9312
2023-11-02,B-,5.0,normal,Thursday,0.9319
2023-11-03,B-,4.0,high,Friday,0.9326
2023-11-04,B-,3.0,high,Saturday,0.9333
2023-11-05,B-,0.0,low,Sunday,0.9341
2023-11-06,B-,2.0,normal,Monday,0.9349
2023-11-07,B-,4.0,normal,Tuesday,0.9357
2023-11-08,B-,3.0,normal,Wednesday,0.9365
2023-11-09,B-,4.0,normal,Thursday,0.9374
2023-11-10,B-,4.0,normal,Friday,0.9383
2023-11-11,B-,1.0,normal,Saturday,0.9391
2023-11-12,B-,3.0,normal,Sunday,0.94
2023-11-13,B-,6.0,high,Monday,0.941
2023-11-14,B-,4.0,normal,Tuesday,0.9419
2023-11-15,B-,3.0,normal,Wednesday,0.9429
2023-11-16,B-,4.0,normal,Thursday,0.9438
2023-11-17,B-,6.0,surge,Friday,0.9448
2023-11-18,B-,3.0,high,Saturday,0.9458
2023-11-19,B-,1.0,normal,Sunday,0.9468
2023-11-20,B-,3.0,normal,Monday,0.9479
2023-11-21,B-,4.0,normal,Tuesday,0.9489
2023-11-22,B-,3.0,low,Wednesday,0.95
2023-11-23,B-,3.0,normal,Thursday,0.9511
2023-11-24,B-,2.0,normal,Friday,0.9522
2023-11-25,B-,1.0,normal,Saturday,0.9533
2023-11-26,B-,1.0,low,Sunday,0.9544
2023-11-27,B-,5.0,normal,Monday,0.9555
2023-11-28,B-,4.0,normal,Tuesday,0.9567
2023-11-29,B-,4.0,normal,Wednesday,0.9579
2023-11-30,B-,3.0,normal,Thursday,0.959
2023-12-01,B-,4.0,normal,Friday,0.9602
2023-12-02,B-,1.0,normal,Saturday,0.9614
2023-12-03,B-,2.0,high,Sunday,0.9626
2023-12-04,B-,4.0,normal,Monday,0.9639
2023-12-05,B-,4.0,normal,Tuesday,0.9651
2023-12-06,B-,3.0,normal,Wednesday,0.9663
2023-12-07,B-,5.0,high,Thursday,0.9676
2023-12-08,B-,4.0,normal,Friday,0.9688
2023-12-09,B-,2.0,normal,Saturday,0.9701
2023-12-10,B-,3.0,high,Sunday,0.9714
2023-12-11,B-,5.0,high,Monday,0.9727
2023-12-12,B-,4.0,normal,Tuesday,0.974
2023-12-13,B-,4.0,high,Wednesday,0.9753
2023-12-14,B-,4.0,high,Thursday,0.9766
2023-12-15,B-,4.0,high,Friday,0.9779
2023-12-16,B-,2.0,normal,Saturday,0.9793
2023-12-17,B-,1.0,normal,Sunday,0.9806
2023-12-18,B-,5.0,normal,Monday,0.9819
2023-12-19,B-,5.0,normal,Tuesday,0.9833
2023-12-20,B-,4.0,normal,Wednesday,0.9846
2023-12-21,B-,4.0,normal,Thursday,0.986
2023-12-22,B-,4.0,normal,Friday,0.9873
2023-12-23,B-,2.0,normal,Saturday,0.9887
2023-12-24,B-,3.0,normal,Sunday,0.99
2023-12-25,B-,5.0,normal,Monday,0.9914
2023-12-26,B-,4.0,normal,Tuesday,0.9928
2023-12-27,B-,5.0,normal,Wednesday,0.9942
2023-12-28,B-,2.0,low,Thursday,0.9955
2023-12-29,B-,4.0,normal,Friday,0.9969
2023-12-30,B-,5.0,normal,Saturday,0.9983
2023-12-31,B-,3.0,normal,Sunday,0.9997
2024-01-01,B-,4.0,normal,Monday,1.0014
2024-01-02,B-,3.0,normal,Tuesday,1.0028
2024-01-03,B-,4.0,normal,Wednesday,1.0041
2024-01-04,B-,6.0,high,Thursday,1.0055
2024-01-05,B-,3.0,low,Friday,1.0069
2024-01-06,B-,1.0,normal,Saturday,1.0082
2024-01-07,B-,1.0,normal,Sunday,1.0096
2024-01-08,B-,2.0,low,Monday,1.011
2024-01-09,B-,5.0,normal,Tuesday,1.0123
2024-01-10,B-,3.0,normal,Wednesday,1.0137
2024-01-11,B-,3.0,normal,Thursday,1.015
2024-01-12,B-,4.0,normal,Friday,1.0164
2024-01-13,B-,4.0,normal,Saturday,1.0177
2024-01-14,B-,3.0,normal,Sunday,1.0191
2024-01-15,B-,4.0,normal,Monday,1.0204
2024-01-16,B-,5.0,normal,Tuesday,1.0217
2024-01-17,B-,6.0,normal,Wednesday,1.0231
2024-01-18,B-,4.0,normal,Thursday,1.0244
2024-01-19,B-,3.0,normal,Friday,1.0257
2024-01-20,B-,2.0,high,Saturday,1.027
2024-01-21,B-,2.0,normal,Sunday,1.0283
2024-01-22,B-,2.0,low,Monday,1.0296
2024-01-23,B-,4.0,normal,Tuesday,1.0308
2024-01-24,B-,4.0,normal,Wednesday,1.0321
2024-01-25,B-,4.0,high,Thursday,1.0334
2024-01-26,B-,2.0,low,Friday,1.0346
2024-01-27,B-,3.0,normal,Saturday,1.0358
2024-01-28,B-,1.0,low,Sunday,1.0371
2024-01-29,B-,3.0,normal,Monday,1.0383
2024-01-30,B-,5.0,high,Tuesday,1.0395
2024-01-31,B-,5.0,normal,Wednesday,1.0407
2024-02-01,B-,5.0,normal,Thursday,1.0418
2024-02-02,B-,7.0,surge,Friday,1.043
2024-02-03,B-,4.0,normal,Saturday,1.0442
2024-02-04,B-,4.0,surge,Sunday,1.0453
2024-02-05,B-,6.0,normal,Monday,1.0464
2024-02-06,B-,7.0,high,Tuesday,1.0476
2024-02-07,B-,3.0,normal,Wednesday,1.0486
2024-02-08,B-,4.0,high,Thursday,1.0497
2024-02-09,B-,3.0,normal,Friday,1.0508
2024-02-10,B-,4.0,normal,Saturday,1.0519
2024-02-11,B-,2.0,normal,Sunday,1.0529
2024-02-12,B-,5.0,high,Monday,1.0539
2024-02-13,B-,5.0,normal,Tuesday,1.0549
2024-02-14,B-,5.0,high,Wednesday,1.0559
2024-02-15,B-,3.0,low,Thursday,1.0569
2024-02-16,B-,5.0,normal,Friday,1.0579
2024-02-17,B-,2.0,normal,Saturday,1.0588
2024-02-18,B-,2.0,normal,Sunday,1.0597
2024-02-19,B-,4.0,normal,Monday,1.0606
2024-02-20,B-,5.0,high,Tuesday,1.0615
2024-02-21,B-,7.0,surge,Wednesday,1.0624
2024-02-22,B-,5.0,low,Thursday,1.0632
2024-02-23,B-,3.0,normal,Friday,1.0641
2024-02-24,B-,2.0,normal,Saturday,1.0649
2024-02-25,B-,4.0,normal,Sunday,1.0657
2024-02-26,B-,4.0,low,Monday,1.0665
2024-02-27,B-,4.0,normal,Tuesday,1.0672
2024-02-28,B-,6.0,high,Wednesday,1.068
2024-02-29,B-,3.0,normal,Thursday,1.0687
2024-03-01,B-,4.0,normal,Friday,1.0694
2024-03-02,B-,0.0,normal,Saturday,1.07
2024-03-03,B-,3.0,normal,Sunday,1.0707
2024-03-04,B-,4.0,normal,Monday,1.0713
2024-03-05,B-,4.0,normal,Tuesday,1.0719
2024-03-06,B-,5.0,normal,Wednesday,1.0725
2024-03-07,B-,6.0,high,Thursday,1.0731
2024-03-08,B-,4.0,normal,Friday,1.0737
2024-03-09,B-,3.0,surge,Saturday,1.0742
2024-03-10,B-,1.0,normal,Sunday,1.0747
2024-03-11,B-,4.0,high,Monday,1.0752
2024-03-12,B-,6.0,normal,Tuesday,1.0756
2024-03-13,B-,5.0,normal,Wednesday,1.0761
2024-03-14,B-,5.0,normal,Thursday,1.0765
2024-03-15,B-,4.0,normal,Friday,1.0769
2024-03-16,B-,2.0,normal,Saturday,1.0772
2024-03-17,B-,4.0,normal,Sunday,1.0776
2024-03-18,B-,3.0,normal,Monday,1.0779
2024-03-19,B-,4.0,normal,Tuesday,1.0782
2024-03-20,B-,6.0,high,Wednesday,1.0785
2024-03-21,B-,4.0,normal,Thursday,1.0787
2024-03-22,B-,5.0,normal,Friday,1.079
2024-03-23,B-,3.0,normal,Saturday,1.0792
2024-03-24,B-,0.0,normal,Sunday,1.0794
2024-03-25,B-,4.0,normal,Monday,1.0795
2024-03-26,B-,4.0,normal,Tuesday,1.0797
2024-03-27,B-,4.0,normal,Wednesday,1.0798
2024-03-28,B-,6.0,surge,Thursday,1.0799
2024-03-29,B-,4.0,normal,Friday,1.0799
2024-03-30,B-,2.0,surge,Saturday,1.08
2024-03-31,B-,3.0,high,Sunday,1.08
2024-04-01,B-,6.0,high,Monday,1.08
2024-04-02,B-,6.0,normal,Tuesday,1.08
2024-04-03,B-,6.0,normal,Wednesday,1.0799
2024-04-04,B-,3.0,normal,Thursday,1.0798
2024-04-05,B-,3.0,normal,Friday,1.0797
2024-04-06,B-,3.0,normal,Saturday,1.0796
2024-04-07,B-,3.0,normal,Sunday,1.0795
2024-04-08,B-,4.0,low,Monday,1.0793
2024-04-09,B-,6.0,surge,Tuesday,1.0791
2024-04-10,B-,4.0,normal,Wednesday,1.0789
2024-04-11,B-,4.0,normal,Thursday,1.0787
2024-04-12,B-,4.0,normal,Friday,1.0784
2024-04-13,B-,1.0,normal,Saturday,1.0781
2024-04-14,B-,3.0,normal,Sunday,1.0778
2024-04-15,B-,5.0,normal,Monday,1.0775
2024-04-16,B-,5.0,normal,Tuesday,1.0771
2024-04-17,B-,5.0,normal,Wednesday,1.0767
2024-04-18,B-,5.0,high,Thursday,1.0763
2024-04-19,B-,5.0,normal,Friday,1.0759
2024-04-20,B-,4.0,normal,Saturday,1.0755
2024-04-21,B-,4.0,normal,Sunday,1.075
2024-04-22,B-,5.0,normal,Monday,1.0745
2024-04-23,B-,5.0,normal,Tuesday,1.074
2024-04-24,B-,5.0,normal,Wednesday,1.0734
2024-04-25,B-,5.0,normal,Thursday,1.0729
2024-04-26,B-,5.0,normal,Friday,1.0723
2024-04-27,B-,3.0,high,Saturday,1.0717
2024-04-28,B-,4.0,normal,Sunday,1.0711
2024-04-29,B-,6.0,normal,Monday,1.0705
2024-04-30,B-,5.0,high,Tuesday,1.0698
2024-05-01,B-,5.0,high,Wednesday,1.0691
2024-05-02,B-,5.0,high,Thursday,1.0684
2024-05-03,B-,7.0,surge,Friday,1.0677
2024-05-04,B-,3.0,high,Saturday,1.0669
2024-05-05,B-,3.0,high,Sunday,1.0662
2024-05-06,B-,5.0,normal,Monday,1.0654
2024-05-07,B-,3.0,normal,Tuesday,1.0646
2024-05-08,B-,5.0,normal,Wednesday,1.0638
2024-05-09,B-,5.0,normal,Thursday,1.0629
2024-05-10,B-,7.0,high,Friday,1.0621
2024-05-11,B-,3.0,normal,Saturday,1.0612
2024-05-12,B-,3.0,normal,Sunday,1.0603
2024-05-13,B-,2.0,normal,Monday,1.0594
2024-05-14,B-,5.0,normal,Tuesday,1.0585
2024-05-15,B-,5.0,normal,Wednesday,1.0575
2024-05-16,B-,4.0,normal,Thursday,1.0565
2024-05-17,B-,4.0,normal,Friday,1.0556
2024-05-18,B-,3.0,normal,Saturday,1.0546
2024-05-19,B-,3.0,low,Sunday,1.0535
2024-05-20,B-,5.0,normal,Monday,1.0525
2024-05-21,B-,3.0,normal,Tuesday,1.0515
2024-05-22,B-,7.0,normal,Wednesday,1.0504
2024-05-23,B-,4.0,normal,Thursday,1.0493
2024-05-24,B-,5.0,normal,Friday,1.0482
2024-05-25,B-,4.0,normal,Saturday,1.0471
2024-05-26,B-,3.0,normal,Sunday,1.046
2024-05-27,B-,5.0,normal,Monday,1.0449
2024-05-28,B-,3.0,normal,Tuesday,1.0437
2024-05-29,B-,2.0,normal,Wednesday,1.0426
2024-05-30,B-,5.0,normal,Thursday,1.0414
2024-05-31,B-,6.0,high,Friday,1.0402
2024-06-01,B-,4.0,low,Saturday,1.039
2024-06-02,B-,4.0,surge,Sunday,1.0378
2024-06-03,B-,5.0,normal,Monday,1.0366
2024-06-04,B-,6.0,normal,Tuesday,1.0354
2024-06-05,B-,6.0,normal,Wednesday,1.0341
2024-06-06,B-,4.0,normal,Thursday,1.0329
2024-06-07,B-,4.0,normal,Friday,1.0316
2024-06-08,B-,2.0,normal,Saturday,1.0304
2024-06-09,B-,2.0,normal,Sunday,1.0291
2024-06-10,B-,5.0,normal,Monday,1.0278
2024-06-11,B-,6.0,surge,Tuesday,1.0265
2024-06-12,B-,5.0,normal,Wednesday,1.0252
2024-06-13,B-,4.0,normal,Thursday,1.0239
2024-06-14,B-,3.0,low,Friday,1.0226
2024-06-15,B-,2.0,normal,Saturday,1.0212
2024-06-16,B-,3.0,normal,Sunday,1.0199
2024-06-17,B-,4.0,high,Monday,1.0186
2024-06-18,B-,5.0,normal,Tuesday,1.0172
2024-06-19,B-,6.0,normal,Wednesday,1.0159
2024-06-20,B-,3.0,low,Thursday,1.0145
2024-06-21,B-,7.0,surge,Friday,1.0132
2024-06-22,B-,1.0,normal,Saturday,1.0118
2024-06-23,B-,2.0,normal,Sunday,1.0105
2024-06-24,B-,6.0,high,Monday,1.0091
2024-06-25,B-,5.0,normal,Tuesday,1.0077
2024-06-26,B-,5.0,high,Wednesday,1.0064
2024-06-27,B-,5.0,normal,Thursday,1.005
2024-06-28,B-,4.0,high,Friday,1.0036
2024-06-29,B-,4.0,surge,Saturday,1.0022
2024-06-30,B-,4.0,normal,Sunday,1.0009
2024-07-01,B-,3.0,low,Monday,0.9995
2024-07-02,B-,6.0,normal,Tuesday,0.9981
2024-07-03,B-,6.0,normal,Wednesday,0.9967
2024-07-04,B-,5.0,normal,Thursday,0.9954
2024-07-05,B-,2.0,high,Friday,0.994
2024-07-06,B-,3.0,normal,Saturday,0.9926
2024-07-07,B-,2.0,high,Sunday,0.9912
2024-07-08,B-,2.0,normal,Monday,0.9899
2024-07-09,B-,2.0,normal,Tuesday,0.9885
2024-07-10,B-,7.0,surge,Wednesday,0.9872
2024-07-11,B-,5.0,high,Thursday,0.9858
2024-07-12,B-,3.0,low,Friday,0.9844
2024-07-13,B-,3.0,normal,Saturday,0.9831
2024-07-14,B-,1.0,normal,Sunday,0.9818
2024-07-15,B-,5.0,high,Monday,0.9804
2024-07-16,B-,4.0,high,Tuesday,0.9791
2024-07-17,B-,4.0,normal,Wednesday,0.9778
2024-07-18,B-,4.0,normal,Thursday,0.9764
2024-07-19,B-,5.0,normal,Friday,0.9751
2024-07-20,B-,2.0,low,Saturday,0.9738
2024-07-21,B-,1.0,high,Sunday,0.9725
2024-07-22,B-,5.0,high,Monday,0.9712
2024-07-23,B-,4.0,normal,Tuesday,0.97
2024-07-24,B-,3.0,normal,Wednesday,0.9687
2024-07-25,B-,4.0,high,Thursday,0.9674
2024-07-26,B-,2.0,normal,Friday,0.9662
2024-07-27,B-,1.0,normal,Saturday,0.9649
2024-07-28,B-,5.0,surge,Sunday,0.9637
2024-07-29,B-,2.0,normal,Monday,0.9625
2024-07-30,B-,3.0,normal,Tuesday,0.9613
2024-07-31,B-,4.0,normal,Wednesday,0.9601
2024-08-01,B-,4.0,normal,Thursday,0.9589
2024-08-02,B-,6.0,surge,Friday,0.9577
2024-08-03,B-,1.0,normal,Saturday,0.9566
2024-08-04,B-,2.0,high,Sunday,0.9554
2024-08-05,B-,4.0,normal,Monday,0.9543
2024-08-06,B-,6.0,low,Tuesday,0.9531
2024-08-07,B-,4.0,normal,Wednesday,0.952
2024-08-08,B-,4.0,high,Thursday,0.9509
2024-08-09,B-,4.0,low,Friday,0.9499
2024-08-10,B-,2.0,low,Saturday,0.9488
2024-08-11,B-,2.0,high,Sunday,0.9477
2024-08-12,B-,4.0,normal,Monday,0.9467
2024-08-13,B-,4.0,normal,Tuesday,0.9457
2024-08-14,B-,4.0,normal,Wednesday,0.9447
2024-08-15,B-,5.0,high,Thursday,0.9437
2024-08-16,B-,5.0,normal,Friday,0.9427
2024-08-17,B-,2.0,normal,Saturday,0.9418
2024-08-18,B-,2.0,low,Sunday,0.9408
2024-08-19,B-,4.0,normal,Monday,0.9399
2024-08-20,B-,4.0,normal,Tuesday,0.939
2024-08-21,B-,4.0,normal,Wednesday,0.9381
2024-08-22,B-,5.0,high,Thursday,0.9373
2024-08-23,B-,4.0,normal,Friday,0.9364
2024-08-24,B-,1.0,normal,Saturday,0.9356
2024-08-25,B-,2.0,low,Sunday,0.9348
2024-08-26,B-,4.0,normal,Monday,0.934
2024-08-27,B-,5.0,normal,Tuesday,0.9333
2024-08-28,B-,3.0,normal,Wednesday,0.9325
2024-08-29,B-,4.0,normal,Thursday,0.9318
2024-08-30,B-,2.0,low,Friday,0.9311
2024-08-31,B-,1.0,normal,Saturday,0.9304
2024-09-01,B-,0.0,normal,Sunday,0.9297
2024-09-02,B-,5.0,normal,Monday,0.9291
2024-09-03,B-,4.0,normal,Tuesday,0.9284
2024-09-04,B-,4.0,normal,Wednesday,0.9278
2024-09-05,B-,2.0,normal,Thursday,0.9272
2024-09-06,B-,5.0,normal,Friday,0.9267
2024-09-07,B-,2.0,high,Saturday,0.9261
2024-09-08,B-,3.0,normal,Sunday,0.9256
2024-09-09,B-,3.0,low,Monday,0.9251
2024-09-10,B-,6.0,normal,Tuesday,0.9247
2024-09-11,B-,5.0,high,Wednesday,0.9242
2024-09-12,B-,3.0,normal,Thursday,0.9238
2024-09-13,B-,4.0,normal,Friday,0.9234
2024-09-14,B-,3.0,normal,Saturday,0.923
2024-09-15,B-,5.0,high,Sunday,0.9226
2024-09-16,B-,4.0,normal,Monday,0.9223
2024-09-17,B-,4.0,high,Tuesday,0.922
2024-09-18,B-,2.0,low,Wednesday,0.9217
2024-09-19,B-,5.0,high,Thursday,0.9214
2024-09-20,B-,4.0,normal,Friday,0.9212
2024-09-21,B-,1.0,normal,Saturday,0.9209
2024-09-22,B-,2.0,normal,Sunday,0.9207
2024-09-23,B-,5.0,normal,Monday,0.9206
2024-09-24,B-,3.0,normal,Tuesday,0.9204
2024-09-25,B-,5.0,normal,Wednesday,0.9203
2024-09-26,B-,3.0,normal,Thursday,0.9202
2024-09-27,B-,4.0,normal,Friday,0.9201
2024-09-28,B-,0.0,low,Saturday,0.92
2024-09-29,B-,2.0,normal,Sunday,0.92
2024-09-30,B-,5.0,high,Monday,0.92
2024-10-01,B-,4.0,normal,Tuesday,0.92
2024-10-02,B-,4.0,normal,Wednesday,0.9201
2024-10-03,B-,4.0,normal,Thursday,0.9201
2024-10-04,B-,3.0,normal,Friday,0.9202
2024-10-05,B-,3.0,normal,Saturday,0.9203
2024-10-06,B-,0.0,normal,Sunday,0.9204
2024-10-07,B-,6.0,high,Monday,0.9206
2024-10-08,B-,4.0,high,Tuesday,0.9208
2024-10-09,B-,5.0,normal,Wednesday,0.921
2024-10-10,B-,1.0,normal,Thursday,0.9212
2024-10-11,B-,5.0,high,Friday,0.9214
2024-10-12,B-,2.0,normal,Saturday,0.9217
2024-10-13,B-,2.0,low,Sunday,0.922
2024-10-14,B-,4.0,normal,Monday,0.9223
2024-10-15,B-,4.0,normal,Tuesday,0.9227
2024-10-16,B-,4.0,normal,Wednesday,0.923
2024-10-17,B-,4.0,normal,Thursday,0.9234
2024-10-18,B-,5.0,normal,Friday,0.9238
2024-10-19,B-,2.0,normal,Saturday,0.9243
2024-10-20,B-,2.0,normal,Sunday,0.9247
2024-10-21,B-,4.0,normal,Monday,0.9252
2024-10-22,B-,4.0,normal,Tuesday,0.9257
2024-10-23,B-,3.0,normal,Wednesday,0.9262
2024-10-24,B-,5.0,surge,Thursday,0.9268
2024-10-25,B-,5.0,normal,Friday,0.9273
2024-10-26,B-,3.0,normal,Saturday,0.9279
2024-10-27,B-,3.0,normal,Sunday,0.9285
2024-10-28,B-,4.0,normal,Monday,0.9291
2024-10-29,B-,4.0,high,Tuesday,0.9298
2024-10-30,B-,3.0,normal,Wednesday,0.9305
2024-10-31,B-,4.0,normal,Thursday,0.9312
2024-11-01,B-,5.0,normal,Friday,0.9319
2024-11-02,B-,3.0,normal,Saturday,0.9326
2024-11-03,B-,2.0,high,Sunday,0.9333
2024-11-04,B-,3.0,normal,Monday,0.9341
2024-11-05,B-,7.0,surge,Tuesday,0.9349
2024-11-06,B-,5.0,normal,Wednesday,0.9357
2024-11-07,B-,2.0,normal,Thursday,0.9365
2024-11-08,B-,5.0,normal,Friday,0.9374
2024-11-09,B-,2.0,low,Saturday,0.9383
2024-11-10,B-,1.0,low,Sunday,0.9391
2024-11-11,B-,4.0,normal,Monday,0.94
2024-11-12,B-,3.0,normal,Tuesday,0.941
2024-11-13,B-,4.0,normal,Wednesday,0.9419
2024-11-14,B-,4.0,normal,Thursday,0.9429
2024-11-15,B-,4.0,low,Friday,0.9438
2024-11-16,B-,2.0,normal,Saturday,0.9448
2024-11-17,B-,2.0,normal,Sunday,0.9458
2024-11-18,B-,4.0,normal,Monday,0.9468
2024-11-19,B-,4.0,normal,Tuesday,0.9479
2024-11-20,B-,3.0,normal,Wednesday,0.9489
2024-11-21,B-,3.0,normal,Thursday,0.95
2024-11-22,B-,4.0,high,Friday,0.9511
2024-11-23,B-,4.0,normal,Saturday,0.9522
2024-11-24,B-,2.0,low,Sunday,0.9533
2024-11-25,B-,4.0,normal,Monday,0.9544
2024-11-26,B-,4.0,low,Tuesday,0.9555
2024-11-27,B-,3.0,normal,Wednesday,0.9567
2024-11-28,B-,4.0,normal,Thursday,0.9579
2024-11-29,B-,4.0,high,Friday,0.959
2024-11-30,B-,3.0,normal,Saturday,0.9602
2024-12-01,B-,2.0,normal,Sunday,0.9614
2024-12-02,B-,3.0,normal,Monday,0.9626
2024-12-03,B-,4.0,normal,Tuesday,0.9639
2024-12-04,B-,2.0,normal,Wednesday,0.9651
2024-12-05,B-,3.0,normal,Thursday,0.9663
2024-12-06,B-,5.0,normal,Friday,0.9676
2024-12-07,B-,2.0,normal,Saturday,0.9688
2024-12-08,B-,5.0,normal,Sunday,0.9701
2024-12-09,B-,6.0,surge,Monday,0.9714
2024-12-10,B-,2.0,normal,Tuesday,0.9727
2024-12-11,B-,2.0,normal,Wednesday,0.974
2024-12-12,B-,5.0,normal,Thursday,0.9753
2024-12-13,B-,3.0,low,Friday,0.9766
2024-12-14,B-,2.0,normal,Saturday,0.9779
2024-12-15,B-,3.0,normal,Sunday,0.9793
2024-12-16,B-,2.0,normal,Monday,0.9806
2024-12-17,B-,4.0,normal,Tuesday,0.9819
2024-12-18,B-,3.0,normal,Wednesday,0.9833
2024-12-19,B-,4.0,normal,Thursday,0.9846
2024-12-20,B-,4.0,normal,Friday,0.986
2024-12-21,B-,3.0,normal,Saturday,0.9873
2024-12-22,B-,2.0,normal,Sunday,0.9887
2024-12-23,B-,4.0,normal,Monday,0.99
2024-12-24,B-,3.0,normal,Tuesday,0.9914
2024-12-25,B-,5.0,surge,Wednesday,0.9928
2024-12-26,B-,2.0,normal,Thursday,0.9942
2024-12-27,B-,3.0,normal,Friday,0.9955
2024-12-28,B-,3.0,normal,Saturday,0.9969
2024-12-29,B-,2.0,normal,Sunday,0.9983
2024-12-30,B-,3.0,normal,Monday,0.9997
2024-12-31,B-,3.0,normal,Tuesday,1.001
2023-01-01,AB-,1.0,normal,Sunday,1.0014
2023-01-02,AB-,3.0,normal,Monday,1.0028
2023-01-03,AB-,2.0,normal,Tuesday,1.0041
2023-01-04,AB-,4.0,high,Wednesday,1.0055
2023-01-05,AB-,1.0,normal,Thursday,1.0069
2023-01-06,AB-,3.0,normal,Friday,1.0082
2023-01-07,AB-,3.0,normal,Saturday,1.0096
2023-01-08,AB-,2.0,high,Sunday,1.011
2023-01-09,AB-,1.0,normal,Monday,1.0123
2023-01-10,AB-,3.0,normal,Tuesday,1.0137
2023-01-11,AB-,2.0,normal,Wednesday,1.015
2023-01-12,AB-,3.0,normal,Thursday,1.0164
2023-01-13,AB-,4.0,surge,Friday,1.0177
2023-01-14,AB-,1.0,normal,Saturday,1.0191
2023-01-15,AB-,1.0,normal,Sunday,1.0204
2023-01-16,AB-,5.0,high,Monday,1.0217
2023-01-17,AB-,3.0,normal,Tuesday,1.0231
2023-01-18,AB-,3.0,normal,Wednesday,1.0244
2023-01-19,AB-,3.0,normal,Thursday,1.0257
2023-01-20,AB-,4.0,high,Friday,1.027
2023-01-21,AB-,2.0,normal,Saturday,1.0283
2023-01-22,AB-,2.0,low,Sunday,1.0296
2023-01-23,AB-,2.0,normal,Monday,
2023-01-24,AB-,1.0,normal,Tuesday,1.0321
2023-01-25,AB-,2.0,normal,Wednesday,1.0334
2023-01-26,AB-,2.0,normal,Thursday,1.0346
2023-01-27,AB-,3.0,high,Friday,1.0358
2023-01-28,AB-,1.0,normal,Saturday,1.0371
2023-01-29,AB-,1.0,normal,Sunday,1.0383
2023-01-30,AB-,2.0,surge,Monday,1.0395
2023-01-31,AB-,3.0,high,Tuesday,1.0407
2023-02-01,AB-,1.0,normal,Wednesday,1.0418
2023-02-02,AB-,2.0,normal,Thursday,1.043
2023-02-03,AB-,3.0,high,Friday,1.0442
2023-02-04,AB-,1.0,normal,Saturday,1.0453
2023-02-05,AB-,1.0,surge,Sunday,1.0464
2023-02-06,AB-,2.0,normal,Monday,1.0476
2023-02-07,AB-,5.0,normal,Tuesday,1.0486
2023-02-08,AB-,3.0,normal,Wednesday,1.0497
2023-02-09,AB-,3.0,normal,Thursday,1.0508
2023-02-10,AB-,2.0,normal,Friday,1.0519
2023-02-11,AB-,1.0,normal,Saturday,1.0529
2023-02-12,AB-,3.0,surge,Sunday,1.0539
2023-02-13,AB-,1.0,high,Monday,1.0549
2023-02-14,AB-,2.0,normal,Tuesday,1.0559
2023-02-15,AB-,4.0,normal,Wednesday,1.0569
2023-02-16,AB-,2.0,normal,Thursday,1.0579
2023-02-17,AB-,1.0,normal,Friday,1.0588
2023-02-18,AB-,2.0,high,Saturday,1.0597
2023-02-19,AB-,1.0,normal,Sunday,1.0606
2023-02-20,AB-,1.0,normal,Monday,1.0615
2023-02-21,AB-,3.0,normal,Tuesday,1.0624
2023-02-22,AB-,3.0,normal,Wednesday,1.0632
2023-02-23,AB-,2.0,normal,Thursday,1.0641
2023-02-24,AB-,3.0,normal,Friday,1.0649
2023-02-25,AB-,0.0,normal,Saturday,1.0657
2023-02-26,AB-,2.0,normal,Sunday,1.0665
2023-02-27,AB-,3.0,high,Monday,1.0672
2023-02-28,AB-,3.0,normal,Tuesday,1.068
2023-03-01,AB-,2.0,normal,Wednesday,1.0687
2023-03-02,AB-,4.0,high,Thursday,1.0694
2023-03-03,AB-,3.0,normal,Friday,1.07
2023-03-04,AB-,1.0,normal,Saturday,1.0707
2023-03-05,AB-,2.0,high,Sunday,1.0713
2023-03-06,AB-,0.0,normal,Monday,1.0719
2023-03-07,AB-,2.0,normal,Tuesday,1.0725
2023-03-08,AB-,3.0,normal,Wednesday,1.0731
2023-03-09,AB-,2.0,normal,Thursday,1.0737
2023-03-10,AB-,3.0,normal,Friday,1.0742
2023-03-11,AB-,2.0,normal,Saturday,1.0747
2023-03-12,AB-,4.0,high,Sunday,1.0752
2023-03-13,AB-,2.0,normal,Monday,1.0756
2023-03-14,AB-,3.0,normal,Tuesday,1.0761
2023-03-15,AB-,2.0,high,Wednesday,1.0765
2023-03-16,AB-,2.0,normal,Thursday,1.0769
2023-03-17,AB-,3.0,normal,Friday,1.0772
2023-03-18,AB-,2.0,normal,Saturday,1.0776
2023-03-19,AB-,2.0,high,Sunday,1.0779
2023-03-20,AB-,4.0,normal,Monday,1.0782
2023-03-21,AB-,3.0,low,Tuesday,1.0785
2023-03-22,AB-,2.0,normal,Wednesday,1.0787
2023-03-23,AB-,2.0,normal,Thursday,1.079
2023-03-24,AB-,2.0,normal,Friday,1.0792
2023-03-25,AB-,1.0,normal,Saturday,1.0794
2023-03-26,AB-,3.0,normal,Sunday,1.0795
2023-03-27,AB-,4.0,high,Monday,1.0797
2023-03-28,AB-,2.0,normal,Tuesday,1.0798
2023-03-29,AB-,3.0,normal,Wednesday,1.0799
2023-03-30,AB-,3.0,normal,Thursday,1.0799
2023-03-31,AB-,2.0,low,Friday,1.08
2023-04-01,AB-,1.0,normal,Saturday,1.08
2023-04-02,AB-,1.0,normal,Sunday,1.08
2023-04-03,AB-,3.0,normal,Monday,1.08
2023-04-04,AB-,1.0,normal,Tuesday,1.0799
2023-04-05,AB-,2.0,normal,Wednesday,1.0798
2023-04-06,AB-,2.0,normal,Thursday,1.0797
2023-04-07,AB-,3.0,surge,Friday,1.0796
2023-04-08,AB-,1.0,normal,Saturday,1.0795
2023-04-09,AB-,2.0,high,Sunday,1.0793
2023-04-10,AB-,2.0,normal,Monday,1.0791
2023-04-11,AB-,4.0,normal,Tuesday,1.0789
2023-04-12,AB-,3.0,normal,Wednesday,1.0787
2023-04-13,AB-,3.0,normal,Thursday,1.0784
2023-04-14,AB-,3.0,normal,Friday,1.0781
2023-04-15,AB-,2.0,low,Saturday,1.0778
2023-04-16,AB-,3.0,normal,Sunday,1.0775
2023-04-17,AB-,2.0,normal,Monday,1.0771
2023-04-18,AB-,3.0,normal,Tuesday,1.0767
2023-04-19,AB-,2.0,normal,Wednesday,1.0763
2023-04-20,AB-,3.0,high,Thursday,1.0759
2023-04-21,AB-,2.0,normal,Friday,1.0755
2023-04-22,AB-,1.0,normal,Saturday,1.075
2023-04-23,AB-,2.0,normal,Sunday,1.0745
2023-04-24,AB-,3.0,low,Monday,1.074
2023-04-25,AB-,2.0,normal,Tuesday,1.0734
2023-04-26,AB-,2.0,normal,Wednesday,1.0729
2023-04-27,AB-,4.0,normal,Thursday,1.0723
2023-04-28,AB-,2.0,normal,Friday,1.0717
2023-04-29,AB-,0.0,normal,Saturday,1.0711
2023-04-30,AB-,1.0,normal,Sunday,1.0705
2023-05-01,AB-,0.0,normal,Monday,1.0698
2023-05-02,AB-,4.0,high,Tuesday,1.0691
2023-05-03,AB-,0.0,low,Wednesday,1.0684
2023-05-04,AB-,2.0,normal,Thursday,1.0677
2023-05-05,AB-,1.0,normal,Friday,1.0669
2023-05-06,AB-,2.0,high,Saturday,1.0662
2023-05-07,AB-,3.0,normal,Sunday,1.0654
2023-05-08,AB-,3.0,normal,Monday,1.0646
2023-05-09,AB-,1.0,normal,Tuesday,1.0638
2023-05-10,AB-,4.0,normal,Wednesday,1.0629
2023-05-11,AB-,3.0,normal,Thursday,1.0621
2023-05-12,AB-,3.0,normal,Friday,1.0612
2023-05-13,AB-,0.0,high,Saturday,1.0603
2023-05-14,AB-,3.0,normal,Sunday,1.0594
2023-05-15,AB-,2.0,normal,Monday,1.0585
2023-05-16,AB-,1.0,normal,Tuesday,1.0575
2023-05-17,AB-,3.0,high,Wednesday,1.0565
2023-05-18,AB-,3.0,normal,Thursday,1.0556
2023-05-19,AB-,3.0,normal,Friday,1.0546
2023-05-20,AB-,2.0,normal,Saturday,1.0535
2023-05-21,AB-,1.0,low,Sunday,1.0525
2023-05-22,AB-,3.0,normal,Monday,1.0515
2023-05-23,AB-,1.0,normal,Tuesday,1.0504
2023-05-24,AB-,2.0,normal,Wednesday,1.0493
2023-05-25,AB-,2.0,normal,Thursday,1.0482
2023-05-26,AB-,4.0,high,Friday,1.0471
2023-05-27,AB-,2.0,normal,Saturday,1.046
2023-05-28,AB-,1.0,normal,Sunday,1.0449
2023-05-29,AB-,3.0,normal,Monday,1.0437
2023-05-30,AB-,2.0,normal,Tuesday,1.0426
2023-05-31,AB-,1.0,normal,Wednesday,1.0414
2023-06-01,AB-,0.0,normal,Thursday,1.0402
2023-06-02,AB-,4.0,surge,Friday,1.039
2023-06-03,AB-,1.0,high,Saturday,1.0378
2023-06-04,AB-,0.0,normal,Sunday,1.0366
2023-06-05,AB-,2.0,normal,Monday,1.0354
2023-06-06,AB-,3.0,normal,Tuesday,1.0341
2023-06-07,AB-,3.0,normal,Wednesday,1.0329
2023-06-08,AB-,3.0,normal,Thursday,1.0316
2023-06-09,AB-,1.0,normal,Friday,1.0304
2023-06-10,AB-,1.0,normal,Saturday,1.0291
2023-06-11,AB-,1.0,normal,Sunday,1.0278
2023-06-12,AB-,3.0,normal,Monday,1.0265
2023-06-13,AB-,0.0,low,Tuesday,1.0252
2023-06-14,AB-,2.0,normal,Wednesday,1.0239
2023-06-15,AB-,3.0,high,Thursday,1.0226
2023-06-16,AB-,3.0,normal,Friday,1.0212
2023-06-17,AB-,1.0,normal,Saturday,1.0199
2023-06-18,AB-,2.0,normal,Sunday,1.0186
2023-06-19,AB-,2.0,normal,Monday,1.0172
2023-06-20,AB-,3.0,normal,Tuesday,1.0159
2023-06-21,AB-,3.0,normal,Wednesday,1.0145
2023-06-22,AB-,3.0,normal,Thursday,1.0132
2023-06-23,AB-,3.0,normal,Friday,1.0118
2023-06-24,AB-,4.0,high,Saturday,1.0105
2023-06-25,AB-,2.0,normal,Sunday,1.0091
2023-06-26,AB-,2.0,normal,Monday,1.0077
2023-06-27,AB-,3.0,normal,Tuesday,1.0064
2023-06-28,AB-,3.0,normal,Wednesday,1.005
2023-06-29,AB-,2.0,high,Thursday,1.0036
2023-06-30,AB-,0.0,low,Friday,1.0022
2023-07-01,AB-,1.0,normal,Saturday,1.0009
2023-07-02,AB-,2.0,normal,Sunday,0.9995
2023-07-03,AB-,4.0,surge,Monday,0.9981
2023-07-04,AB-,1.0,low,Tuesday,0.9967
2023-07-05,AB-,2.0,normal,Wednesday,0.9954
2023-07-06,AB-,4.0,normal,Thursday,0.994
2023-07-07,AB-,3.0,normal,Friday,0.9926
2023-07-08,AB-,0.0,normal,Saturday,0.9912
2023-07-09,AB-,2.0,normal,Sunday,0.9899
2023-07-10,AB-,2.0,normal,Monday,0.9885
2023-07-11,AB-,4.0,normal,Tuesday,0.9872
2023-07-12,AB-,3.0,high,Wednesday,0.9858
2023-07-13,AB-,2.0,normal,Thursday,0.9844
2023-07-14,AB-,3.0,high,Friday,0.9831
2023-07-15,AB-,2.0,normal,Saturday,0.9818
2023-07-16,AB-,3.0,normal,Sunday,0.9804
2023-07-17,AB-,2.0,normal,Monday,0.9791
2023-07-18,AB-,3.0,normal,Tuesday,0.9778
2023-07-19,AB-,1.0,normal,Wednesday,0.9764
2023-07-20,AB-,2.0,normal,Thursday,0.9751
2023-07-21,AB-,1.0,normal,Friday,0.9738
2023-07-22,AB-,2.0,normal,Saturday,0.9725
2023-07-23,AB-,2.0,normal,Sunday,0.9712
2023-07-24,AB-,3.0,normal,Monday,0.97
2023-07-25,AB-,2.0,normal,Tuesday,0.9687
2023-07-26,AB-,2.0,normal,Wednesday,0.9674
2023-07-27,AB-,3.0,normal,Thursday,0.9662
2023-07-28,AB-,4.0,normal,Friday,0.9649
2023-07-29,AB-,2.0,normal,Saturday,0.9637
2023-07-30,AB-,2.0,normal,Sunday,0.9625
2023-07-31,AB-,2.0,high,Monday,0.9613
2023-08-01,AB-,2.0,high,Tuesday,0.9601
2023-08-02,AB-,2.0,normal,Wednesday,0.9589
2023-08-03,AB-,1.0,low,Thursday,0.9577
2023-08-04,AB-,2.0,normal,Friday,0.9566
2023-08-05,AB-,2.0,normal,Saturday,0.9554
2023-08-06,AB-,0.0,normal,Sunday,0.9543
2023-08-07,AB-,1.0,normal,Monday,0.9531
2023-08-08,AB-,2.0,high,Tuesday,0.952
2023-08-09,AB-,2.0,normal,Wednesday,0.9509
2023-08-10,AB-,2.0,normal,Thursday,0.9499
2023-08-11,AB-,2.0,low,Friday,0.9488
2023-08-12,AB-,2.0,normal,Saturday,0.9477
2023-08-13,AB-,1.0,normal,Sunday,0.9467
2023-08-14,AB-,2.0,high,Monday,0.9457
2023-08-15,AB-,0.0,normal,Tuesday,0.9447
2023-08-16,AB-,2.0,normal,Wednesday,0.9437
2023-08-17,AB-,2.0,high,Thursday,0.9427
2023-08-18,AB-,3.0,normal,Friday,0.9418
2023-08-19,AB-,1.0,normal,Saturday,0.9408
2023-08-20,AB-,0.0,normal,Sunday,0.9399
2023-08-21,AB-,3.0,normal,Monday,0.939
2023-08-22,AB-,3.0,high,Tuesday,0.9381
2023-08-23,AB-,3.0,normal,Wednesday,0.9373
2023-08-24,AB-,2.0,high,Thursday,0.9364
2023-08-25,AB-,3.0,normal,Friday,0.9356
2023-08-26,AB-,1.0,normal,Saturday,0.9348
2023-08-27,AB-,1.0,normal,Sunday,0.934
2023-08-28,AB-,1.0,normal,Monday,0.9333
2023-08-29,AB-,3.0,normal,Tuesday,0.9325
2023-08-30,AB-,2.0,high,Wednesday,0.9318
2023-08-31,AB-,2.0,normal,Thursday,0.9311
2023-09-01,AB-,3.0,normal,Friday,0.9304
2023-09-02,AB-,2.0,normal,Saturday,0.9297
2023-09-03,AB-,2.0,normal,Sunday,0.9291
2023-09-04,AB-,2.0,normal,Monday,0.9284
2023-09-05,AB-,3.0,normal,Tuesday,0.9278
2023-09-06,AB-,3.0,normal,Wednesday,0.9272
2023-09-07,AB-,2.0,normal,Thursday,0.9267
2023-09-08,AB-,3.0,normal,Friday,0.9261
2023-09-09,AB-,2.0,high,Saturday,0.9256
2023-09-10,AB-,0.0,low,Sunday,0.9251
2023-09-11,AB-,4.0,high,Monday,0.9247
2023-09-12,AB-,2.0,normal,Tuesday,0.9242
2023-09-13,AB-,3.0,normal,Wednesday,0.9238
2023-09-14,AB-,1.0,normal,Thursday,0.9234
2023-09-15,AB-,3.0,normal,Friday,0.923
2023-09-16,AB-,0.0,normal,Saturday,0.9226
2023-09-17,AB-,2.0,normal,Sunday,0.9223
2023-09-18,AB-,3.0,normal,Monday,0.922
2023-09-19,AB-,2.0,normal,Tuesday,0.9217
2023-09-20,AB-,3.0,high,Wednesday,0.9214
2023-09-21,AB-,1.0,normal,Thursday,0.9212
2023-09-22,AB-,3.0,normal,Friday,0.9209
2023-09-23,AB-,1.0,low,Saturday,0.9207
2023-09-24,AB-,1.0,normal,Sunday,0.9206
2023-09-25,AB-,3.0,high,Monday,0.9204
2023-09-26,AB-,2.0,normal,Tuesday,0.9203
2023-09-27,AB-,2.0,normal,Wednesday,0.9202
2023-09-28,AB-,1.0,high,Thursday,0.9201
2023-09-29,AB-,3.0,surge,Friday,0.92
2023-09-30,AB-,2.0,low,Saturday,0.92
2023-10-01,AB-,2.0,normal,Sunday,0.92
2023-10-02,AB-,3.0,normal,Monday,0.92
2023-10-03,AB-,2.0,low,Tuesday,0.9201
2023-10-04,AB-,3.0,normal,Wednesday,0.9201
2023-10-05,AB-,3.0,surge,Thursday,0.9202
2023-10-06,AB-,1.0,normal,Friday,0.9203
2023-10-07,AB-,3.0,normal,Saturday,0.9204
2023-10-08,AB-,1.0,normal,Sunday,0.9206
2023-10-09,AB-,1.0,normal,Monday,0.9208
2023-10-10,AB-,2.0,normal,Tuesday,0.921
2023-10-11,AB-,2.0,normal,Wednesday,0.9212
2023-10-12,AB-,3.0,normal,Thursday,0.9214
2023-10-13,AB-,2.0,high,Friday,0.9217
2023-10-14,AB-,1.0,normal,Saturday,0.922
2023-10-15,AB-,1.0,normal,Sunday,0.9223
2023-10-16,AB-,1.0,low,Monday,0.9227
2023-10-17,AB-,1.0,normal,Tuesday,0.923
2023-10-18,AB-,0.0,low,Wednesday,0.9234
2023-10-19,AB-,3.0,normal,Thursday,0.9238
2023-10-20,AB-,3.0,normal,Friday,0.9243
2023-10-21,AB-,1.0,low,Saturday,0.9247
2023-10-22,AB-,2.0,normal,Sunday,0.9252
2023-10-23,AB-,2.0,low,Monday,0.9257
2023-10-24,AB-,2.0,normal,Tuesday,0.9262
2023-10-25,AB-,1.0,low,Wednesday,0.9268
2023-10-26,AB-,3.0,normal,Thursday,0.9273
2023-10-27,AB-,0.0,normal,Friday,0.9279
2023-10-28,AB-,2.0,high,Saturday,0.9285
2023-10-29,AB-,1.0,low,Sunday,0.9291
2023-10-30,AB-,3.0,normal,Monday,0.9298
2023-10-31,AB-,3.0,normal,Tuesday,0.9305
2023-11-01,AB-,3.0,normal,Wednesday,0.9312
2023-11-02,AB-,1.0,normal,Thursday,0.9319
2023-11-03,AB-,3.0,normal,Friday,0.9326
2023-11-04,AB-,2.0,normal,Saturday,0.9333
2023-11-05,AB-,1.0,normal,Sunday,0.9341
2023-11-06,AB-,3.0,high,Monday,0.9349
2023-11-07,AB-,1.0,normal,Tuesday,0.9357
2023-11-08,AB-,0.0,low,Wednesday,0.9365
2023-11-09,AB-,2.0,normal,Thursday,0.9374
2023-11-10,AB-,4.0,normal,Friday,0.9383
2023-11-11,AB-,0.0,normal,Saturday,0.9391
2023-11-12,AB-,0.0,normal,Sunday,0.94
2023-11-13,AB-,1.0,normal,Monday,0.941
2023-11-14,AB-,2.0,normal,Tuesday,0.9419
2023-11-15,AB-,3.0,high,Wednesday,0.9429
2023-11-16,AB-,2.0,low,Thursday,0.9438
2023-11-17,AB-,2.0,high,Friday,0.9448
2023-11-18,AB-,2.0,normal,Saturday,0.9458
2023-11-19,AB-,0.0,normal,Sunday,0.9468
2023-11-20,AB-,1.0,normal,Monday,0.9479
2023-11-21,AB-,2.0,normal,Tuesday,0.9489
2023-11-22,AB-,3.0,normal,Wednesday,0.95
2023-11-23,AB-,2.0,normal,Thursday,0.9511
2023-11-24,AB-,2.0,normal,Friday,0.9522
2023-11-25,AB-,0.0,low,Saturday,0.9533
2023-11-26,AB-,1.0,normal,Sunday,0.9544
2023-11-27,AB-,3.0,normal,Monday,0.9555
2023-11-28,AB-,3.0,normal,Tuesday,0.9567
2023-11-29,AB-,2.0,low,Wednesday,0.9579
2023-11-30,AB-,2.0,normal,Thursday,0.959
2023-12-01,AB-,3.0,normal,Friday,0.9602
2023-12-02,AB-,0.0,normal,Saturday,0.9614
2023-12-03,AB-,1.0,normal,Sunday,0.9626
2023-12-04,AB-,3.0,normal,Monday,0.9639
2023-12-05,AB-,1.0,normal,Tuesday,0.9651
2023-12-06,AB-,0.0,normal,Wednesday,0.9663
2023-12-07,AB-,4.0,normal,Thursday,0.9676
2023-12-08,AB-,2.0,normal,Friday,0.9688
2023-12-09,AB-,0.0,normal,Saturday,0.9701
2023-12-10,AB-,1.0,normal,Sunday,0.9714
2023-12-11,AB-,1.0,normal,Monday,0.9727
2023-12-12,AB-,1.0,normal,Tuesday,0.974
2023-12-13,AB-,3.0,normal,Wednesday,0.9753
2023-12-14,AB-,2.0,high,Thursday,0.9766
2023-12-15,AB-,2.0,normal,Friday,0.9779
2023-12-16,AB-,0.0,normal,Saturday,0.9793
2023-12-17,AB-,1.0,normal,Sunday,0.9806
2023-12-18,AB-,2.0,normal,Monday,0.9819
2023-12-19,AB-,2.0,normal,Tuesday,0.9833
2023-12-20,AB-,5.0,high,Wednesday,0.9846
2023-12-21,AB-,1.0,normal,Thursday,0.986
2023-12-22,AB-,1.0,normal,Friday,0.9873
2023-12-23,AB-,1.0,normal,Saturday,0.9887
2023-12-24,AB-,3.0,normal,Sunday,0.99
2023-12-25,AB-,3.0,normal,Monday,0.9914
2023-12-26,AB-,2.0,normal,Tuesday,0.9928
2023-12-27,AB-,1.0,low,Wednesday,0.9942
2023-12-28,AB-,2.0,normal,Thursday,0.9955
2023-12-29,AB-,1.0,normal,Friday,0.9969
2023-12-30,AB-,1.0,normal,Saturday,0.9983
2023-12-31,AB-,1.0,normal,Sunday,0.9997
2024-01-01,AB-,3.0,normal,Monday,1.0014
2024-01-02,AB-,3.0,normal,Tuesday,1.0028
2024-01-03,AB-,2.0,normal,Wednesday,1.0041
2024-01-04,AB-,4.0,high,Thursday,1.0055
2024-01-05,AB-,2.0,normal,Friday,1.0069
2024-01-06,AB-,0.0,high,Saturday,1.0082
2024-01-07,AB-,2.0,normal,Sunday,1.0096
2024-01-08,AB-,3.0,normal,Monday,1.011
2024-01-09,AB-,2.0,normal,Tuesday,1.0123
2024-01-10,AB-,1.0,normal,Wednesday,1.0137
2024-01-11,AB-,3.0,normal,Thursday,1.015
2024-01-12,AB-,3.0,normal,Friday,1.0164
2024-01-13,AB-,2.0,normal,Saturday,1.0177
2024-01-14,AB-,2.0,normal,Sunday,1.0191
2024-01-15,AB-,4.0,high,Monday,1.0204
2024-01-16,AB-,1.0,normal,Tuesday,1.0217
2024-01-17,AB-,0.0,normal,Wednesday,1.0231
2024-01-18,AB-,1.0,normal,Thursday,1.0244
2024-01-19,AB-,1.0,normal,Friday,1.0257
2024-01-20,AB-,2.0,low,Saturday,1.027
2024-01-21,AB-,1.0,low,Sunday,1.0283
2024-01-22,AB-,4.0,normal,Monday,1.0296
2024-01-23,AB-,2.0,high,Tuesday,1.0308
2024-01-24,AB-,4.0,normal,Wednesday,1.0321
2024-01-25,AB-,3.0,surge,Thursday,
2024-01-26,AB-,2.0,normal,Friday,1.0346
2024-01-27,AB-,0.0,high,Saturday,1.0358
2024-01-28,AB-,3.0,normal,Sunday,1.0371
2024-01-29,AB-,3.0,high,Monday,1.0383
2024-01-30,AB-,4.0,normal,Tuesday,1.0395
2024-01-31,AB-,5.0,surge,Wednesday,1.0407
2024-02-01,AB-,2.0,normal,Thursday,1.0418
2024-02-02,AB-,2.0,normal,Friday,1.043
2024-02-03,AB-,2.0,normal,Saturday,1.0442
2024-02-04,AB-,1.0,low,Sunday,1.0453
2024-02-05,AB-,2.0,normal,Monday,1.0464
2024-02-06,AB-,3.0,normal,Tuesday,1.0476
2024-02-07,AB-,1.0,normal,Wednesday,1.0486
2024-02-08,AB-,3.0,normal,Thursday,1.0497
2024-02-09,AB-,2.0,low,Friday,1.0508
2024-02-10,AB-,0.0,normal,Saturday,1.0519
2024-02-11,AB-,3.0,normal,Sunday,1.0529
2024-02-12,AB-,3.0,normal,Monday,1.0539
2024-02-13,AB-,4.0,surge,Tuesday,1.0549
2024-02-14,AB-,2.0,normal,Wednesday,1.0559
2024-02-15,AB-,3.0,normal,Thursday,1.0569
2024-02-16,AB-,2.0,normal,Friday,1.0579
2024-02-17,AB-,2.0,normal,Saturday,1.0588
2024-02-18,AB-,2.0,normal,Sunday,1.0597
2024-02-19,AB-,1.0,normal,Monday,1.0606
2024-02-20,AB-,2.0,surge,Tuesday,1.0615
2024-02-21,AB-,3.0,high,Wednesday,1.0624
2024-02-22,AB-,4.0,normal,Thursday,1.0632
2024-02-23,AB-,5.0,normal,Friday,1.0641
2024-02-24,AB-,2.0,high,Saturday,1.0649
2024-02-25,AB-,2.0,normal,Sunday,1.0657
2024-02-26,AB-,2.0,normal,Monday,1.0665
2024-02-27,AB-,3.0,normal,Tuesday,1.0672
2024-02-28,AB-,2.0,normal,Wednesday,1.068
2024-02-29,AB-,4.0,high,Thursday,1.0687
2024-03-01,AB-,4.0,normal,Friday,1.0694
2024-03-02,AB-,2.0,normal,Saturday,1.07
2024-03-03,AB-,2.0,normal,Sunday,1.0707
2024-03-04,AB-,3.0,high,Monday,1.0713
2024-03-05,AB-,5.0,high,Tuesday,1.0719
2024-03-06,AB-,3.0,normal,Wednesday,1.0725
2024-03-07,AB-,2.0,normal,Thursday,1.0731
2024-03-08,AB-,5.0,high,Friday,1.0737
2024-03-09,AB-,0.0,high,Saturday,1.0742
2024-03-10,AB-,3.0,normal,Sunday,1.0747
2024-03-11,AB-,3.0,normal,Monday,1.0752
2024-03-12,AB-,3.0,normal,Tuesday,1.0756
2024-03-13,AB-,3.0,normal,Wednesday,1.0761
2024-03-14,AB-,2.0,normal,Thursday,1.0765
2024-03-15,AB-,2.0,normal,Friday,1.0769
2024-03-16,AB-,3.0,normal,Saturday,1.0772
2024-03-17,AB-,2.0,normal,Sunday,1.0776
2024-03-18,AB-,2.0,normal,Monday,1.0779
2024-03-19,AB-,4.0,normal,Tuesday,1.0782
2024-03-20,AB-,4.0,high,Wednesday,1.0785
2024-03-21,AB-,3.0,normal,Thursday,1.0787
2024-03-22,AB-,4.0,normal,Friday,1.079
2024-03-23,AB-,2.0,normal,Saturday,1.0792
2024-03-24,AB-,1.0,normal,Sunday,1.0794
2024-03-25,AB-,4.0,high,Monday,1.0795
2024-03-26,AB-,2.0,normal,Tuesday,1.0797
2024-03-27,AB-,2.0,normal,Wednesday,1.0798
2024-03-28,AB-,3.0,normal,Thursday,1.0799
2024-03-29,AB-,3.0,normal,Friday,1.0799
2024-03-30,AB-,1.0,normal,Saturday,1.08
2024-03-31,AB-,2.0,high,Sunday,1.08
2024-04-01,AB-,2.0,normal,Monday,1.08
2024-04-02,AB-,4.0,normal,Tuesday,1.08
2024-04-03,AB-,3.0,high,Wednesday,1.0799
2024-04-04,AB-,4.0,normal,Thursday,1.0798
2024-04-05,AB-,1.0,low,Friday,1.0797
2024-04-06,AB-,1.0,normal,Saturday,1.0796
2024-04-07,AB-,3.0,normal,Sunday,1.0795
2024-04-08,AB-,3.0,normal,Monday,1.0793
2024-04-09,AB-,5.0,normal,Tuesday,1.0791
2024-04-10,AB-,4.0,normal,Wednesday,1.0789
2024-04-11,AB-,1.0,normal,Thursday,1.0787
2024-04-12,AB-,2.0,low,Friday,1.0784
2024-04-13,AB-,2.0,normal,Saturday,1.0781
2024-04-14,AB-,2.0,normal,Sunday,1.0778
2024-04-15,AB-,2.0,normal,Monday,1.0775
2024-04-16,AB-,3.0,normal,Tuesday,1.0771
2024-04-17,AB-,3.0,normal,Wednesday,1.0767
2024-04-18,AB-,3.0,high,Thursday,1.0763
2024-04-19,AB-,4.0,normal,Friday,1.0759
2024-04-20,AB-,4.0,surge,Saturday,1.0755
2024-04-21,AB-,2.0,normal,Sunday,1.075
2024-04-22,AB-,3.0,normal,Monday,1.0745
2024-04-23,AB-,2.0,normal,Tuesday,1.074
2024-04-24,AB-,3.0,normal,Wednesday,1.0734
2024-04-25,AB-,3.0,high,Thursday,1.0729
2024-04-26,AB-,1.0,low,Friday,1.0723
2024-04-27,AB-,2.0,low,Saturday,1.0717
2024-04-28,AB-,1.0,normal,Sunday,1.0711
2024-04-29,AB-,5.0,surge,Monday,1.0705
2024-04-30,AB-,0.0,normal,Tuesday,1.0698
2024-05-01,AB-,3.0,normal,Wednesday,1.0691
2024-05-02,AB-,3.0,normal,Thursday,1.0684
2024-05-03,AB-,3.0,normal,Friday,1.0677
2024-05-04,AB-,0.0,normal,Saturday,1.0669
2024-05-05,AB-,3.0,high,Sunday,1.0662
2024-05-06,AB-,1.0,low,Monday,1.0654
2024-05-07,AB-,2.0,normal,Tuesday,1.0646
2024-05-08,AB-,3.0,high,Wednesday,1.0638
2024-05-09,AB-,2.0,high,Thursday,1.0629
2024-05-10,AB-,2.0,low,Friday,1.0621
2024-05-11,AB-,3.0,high,Saturday,1.0612
2024-05-12,AB-,3.0,normal,Sunday,1.0603
2024-05-13,AB-,2.0,normal,Monday,1.0594
2024-05-14,AB-,2.0,low,Tuesday,1.0585
2024-05-15,AB-,3.0,normal,Wednesday,1.0575
2024-05-16,AB-,2.0,normal,Thursday,1.0565
2024-05-17,AB-,4.0,normal,Friday,1.0556
2024-05-18,AB-,1.0,low,Saturday,1.0546
2024-05-19,AB-,1.0,high,Sunday,1.0535
2024-05-20,AB-,3.0,normal,Monday,1.0525
2024-05-21,AB-,1.0,normal,Tuesday,1.0515
2024-05-22,AB-,3.0,normal,Wednesday,1.0504
2024-05-23,AB-,3.0,normal,Thursday,1.0493
2024-05-24,AB-,2.0,normal,Friday,1.0482
2024-05-25,AB-,2.0,normal,Saturday,1.0471
2024-05-26,AB-,1.0,normal,Sunday,1.046
2024-05-27,AB-,2.0,normal,Monday,1.0449
2024-05-28,AB-,1.0,normal,Tuesday,1.0437
2024-05-29,AB-,1.0,normal,Wednesday,1.0426
2024-05-30,AB-,4.0,normal,Thursday,1.0414
2024-05-31,AB-,1.0,low,Friday,1.0402
2024-06-01,AB-,2.0,normal,Saturday,1.039
2024-06-02,AB-,2.0,high,Sunday,1.0378
2024-06-03,AB-,4.0,normal,Monday,1.0366
2024-06-04,AB-,2.0,normal,Tuesday,1.0354
2024-06-05,AB-,3.0,normal,Wednesday,1.0341
2024-06-06,AB-,3.0,high,Thursday,1.0329
2024-06-07,AB-,3.0,normal,Friday,1.0316
2024-06-08,AB-,2.0,normal,Saturday,1.0304
2024-06-09,AB-,2.0,normal,Sunday,1.0291
2024-06-10,AB-,1.0,low,Monday,1.0278
2024-06-11,AB-,5.0,high,Tuesday,1.0265
2024-06-12,AB-,3.0,high,Wednesday,1.0252
2024-06-13,AB-,2.0,normal,Thursday,1.0239
2024-06-14,AB-,2.0,high,Friday,1.0226
2024-06-15,AB-,0.0,normal,Saturday,1.0212
2024-06-16,AB-,2.0,surge,Sunday,1.0199
2024-06-17,AB-,3.0,normal,Monday,1.0186
2024-06-18,AB-,3.0,normal,Tuesday,1.0172
2024-06-19,AB-,1.0,normal,Wednesday,1.0159
2024-06-20,AB-,2.0,normal,Thursday,1.0145
2024-06-21,AB-,4.0,normal,Friday,1.0132
2024-06-22,AB-,1.0,high,Saturday,1.0118
2024-06-23,AB-,3.0,surge,Sunday,1.0105
2024-06-24,AB-,2.0,normal,Monday,1.0091
2024-06-25,AB-,3.0,normal,Tuesday,1.0077
2024-06-26,AB-,1.0,low,Wednesday,1.0064
2024-06-27,AB-,0.0,high,Thursday,1.005
2024-06-28,AB-,1.0,normal,Friday,1.0036
2024-06-29,AB-,1.0,normal,Saturday,1.0022
2024-06-30,AB-,1.0,normal,Sunday,1.0009
2024-07-01,AB-,2.0,normal,Monday,0.9995
2024-07-02,AB-,2.0,normal,Tuesday,0.9981
2024-07-03,AB-,3.0,normal,Wednesday,0.9967
2024-07-04,AB-,1.0,normal,Thursday,0.9954
2024-07-05,AB-,2.0,normal,Friday,0.994
2024-07-06,AB-,1.0,surge,Saturday,0.9926
2024-07-07,AB-,2.0,high,Sunday,0.9912
2024-07-08,AB-,3.0,high,Monday,0.9899
2024-07-09,AB-,4.0,normal,Tuesday,0.9885
2024-07-10,AB-,1.0,normal,Wednesday,0.9872
2024-07-11,AB-,4.0,high,Thursday,0.9858
2024-07-12,AB-,1.0,normal,Friday,0.9844
2024-07-13,AB-,1.0,low,Saturday,0.9831
2024-07-14,AB-,0.0,normal,Sunday,0.9818
2024-07-15,AB-,5.0,high,Monday,0.9804
2024-07-16,AB-,4.0,surge,Tuesday,0.9791
2024-07-17,AB-,3.0,normal,Wednesday,0.9778
2024-07-18,AB-,3.0,surge,Thursday,0.9764
2024-07-19,AB-,0.0,normal,Friday,0.9751
2024-07-20,AB-,1.0,normal,Saturday,0.9738
2024-07-21,AB-,1.0,normal,Sunday,0.9725
2024-07-22,AB-,1.0,normal,Monday,0.9712
2024-07-23,AB-,2.0,normal,Tuesday,0.97
2024-07-24,AB-,2.0,normal,Wednesday,0.9687
2024-07-25,AB-,3.0,normal,Thursday,0.9674
2024-07-26,AB-,0.0,normal,Friday,0.9662
2024-07-27,AB-,0.0,normal,Saturday,0.9649
2024-07-28,AB-,0.0,low,Sunday,0.9637
2024-07-29,AB-,3.0,normal,Monday,0.9625
2024-07-30,AB-,3.0,normal,Tuesday,0.9613
2024-07-31,AB-,3.0,normal,Wednesday,0.9601
2024-08-01,AB-,2.0,normal,Thursday,0.9589
2024-08-02,AB-,4.0,high,Friday,0.9577
2024-08-03,AB-,2.0,normal,Saturday,0.9566
2024-08-04,AB-,2.0,normal,Sunday,0.9554
2024-08-05,AB-,3.0,high,Monday,0.9543
2024-08-06,AB-,1.0,high,Tuesday,0.9531
2024-08-07,AB-,0.0,normal,Wednesday,0.952
2024-08-08,AB-,2.0,normal,Thursday,0.9509
2024-08-09,AB-,3.0,normal,Friday,0.9499
2024-08-10,AB-,1.0,normal,Saturday,0.9488
2024-08-11,AB-,3.0,normal,Sunday,0.9477
2024-08-12,AB-,3.0,normal,Monday,0.9467
2024-08-13,AB-,3.0,normal,Tuesday,0.9457
2024-08-14,AB-,2.0,high,Wednesday,0.9447
2024-08-15,AB-,1.0,normal,Thursday,0.9437
2024-08-16,AB-,1.0,normal,Friday,0.9427
2024-08-17,AB-,2.0,normal,Saturday,0.9418
2024-08-18,AB-,0.0,normal,Sunday,0.9408
2024-08-19,AB-,1.0,normal,Monday,0.9399
2024-08-20,AB-,2.0,normal,Tuesday,0.939
2024-08-21,AB-,3.0,high,Wednesday,0.9381
2024-08-22,AB-,1.0,normal,Thursday,0.9373
2024-08-23,AB-,3.0,normal,Friday,0.9364
2024-08-24,AB-,3.0,normal,Saturday,0.9356
2024-08-25,AB-,0.0,normal,Sunday,0.9348
2024-08-26,AB-,3.0,normal,Monday,0.934
2024-08-27,AB-,2.0,normal,Tuesday,0.9333
2024-08-28,AB-,3.0,normal,Wednesday,0.9325
2024-08-29,AB-,3.0,normal,Thursday,0.9318
2024-08-30,AB-,2.0,normal,Friday,0.9311
2024-08-31,AB-,1.0,normal,Saturday,0.9304
2024-09-01,AB-,0.0,normal,Sunday,0.9297
2024-09-02,AB-,5.0,high,Monday,0.9291
2024-09-03,AB-,1.0,normal,Tuesday,0.9284
2024-09-04,AB-,4.0,normal,Wednesday,0.9278
2024-09-05,AB-,3.0,normal,Thursday,0.9272
2024-09-06,AB-,2.0,normal,Friday,0.9267
2024-09-07,AB-,1.0,normal,Saturday,0.9261
2024-09-08,AB-,0.0,normal,Sunday,0.9256
2024-09-09,AB-,2.0,normal,Monday,0.9251
2024-09-10,AB-,1.0,normal,Tuesday,0.9247
2024-09-11,AB-,3.0,normal,Wednesday,0.9242
2024-09-12,AB-,3.0,high,Thursday,0.9238
2024-09-13,AB-,3.0,high,Friday,0.9234
2024-09-14,AB-,1.0,normal,Saturday,0.923
2024-09-15,AB-,2.0,normal,Sunday,0.9226
2024-09-16,AB-,2.0,normal,Monday,0.9223
2024-09-17,AB-,2.0,normal,Tuesday,0.922
2024-09-18,AB-,4.0,normal,Wednesday,0.9217
2024-09-19,AB-,3.0,normal,Thursday,0.9214
2024-09-20,AB-,3.0,normal,Friday,0.9212
2024-09-21,AB-,1.0,normal,Saturday,0.9209
2024-09-22,AB-,0.0,normal,Sunday,0.9207
2024-09-23,AB-,3.0,normal,Monday,0.9206
2024-09-24,AB-,2.0,normal,Tuesday,0.9204
2024-09-25,AB-,2.0,normal,Wednesday,0.9203
2024-09-26,AB-,2.0,normal,Thursday,0.9202
2024-09-27,AB-,1.0,normal,Friday,0.9201
2024-09-28,AB-,0.0,normal,Saturday,0.92
2024-09-29,AB-,2.0,normal,Sunday,0.92
2024-09-30,AB-,0.0,normal,Monday,0.92
2024-10-01,AB-,3.0,normal,Tuesday,0.92
2024-10-02,AB-,4.0,normal,Wednesday,0.9201
2024-10-03,AB-,3.0,normal,Thursday,0.9201
2024-10-04,AB-,3.0,normal,Friday,0.9202
2024-10-05,AB-,0.0,normal,Saturday,0.9203
2024-10-06,AB-,1.0,normal,Sunday,0.9204
2024-10-07,AB-,2.0,high,Monday,0.9206
2024-10-08,AB-,1.0,normal,Tuesday,0.9208
2024-10-09,AB-,1.0,normal,Wednesday,0.921
2024-10-10,AB-,2.0,normal,Thursday,0.9212
2024-10-11,AB-,2.0,normal,Friday,0.9214
2024-10-12,AB-,1.0,normal,Saturday,0.9217
2024-10-13,AB-,2.0,normal,Sunday,0.922
2024-10-14,AB-,2.0,normal,Monday,0.9223
2024-10-15,AB-,4.0,surge,Tuesday,0.9227
2024-10-16,AB-,1.0,normal,Wednesday,0.923
2024-10-17,AB-,3.0,normal,Thursday,0.9234
2024-10-18,AB-,1.0,normal,Friday,0.9238
2024-10-19,AB-,1.0,normal,Saturday,0.9243
2024-10-20,AB-,0.0,normal,Sunday,0.9247
2024-10-21,AB-,0.0,normal,Monday,0.9252
2024-10-22,AB-,2.0,normal,Tuesday,0.9257
2024-10-23,AB-,3.0,normal,Wednesday,0.9262
2024-10-24,AB-,4.0,normal,Thursday,0.9268
2024-10-25,AB-,2.0,normal,Friday,0.9273
2024-10-26,AB-,1.0,normal,Saturday,0.9279
2024-10-27,AB-,1.0,normal,Sunday,0.9285
2024-10-28,AB-,1.0,normal,Monday,0.9291
2024-10-29,AB-,2.0,normal,Tuesday,0.9298
2024-10-30,AB-,3.0,high,Wednesday,0.9305
2024-10-31,AB-,3.0,normal,Thursday,0.9312
2024-11-01,AB-,3.0,normal,Friday,0.9319
2024-11-02,AB-,2.0,normal,Saturday,0.9326
2024-11-03,AB-,1.0,high,Sunday,0.9333
2024-11-04,AB-,1.0,normal,Monday,0.9341
2024-11-05,AB-,3.0,normal,Tuesday,0.9349
2024-11-06,AB-,0.0,normal,Wednesday,0.9357
2024-11-07,AB-,5.0,high,Thursday,0.9365
2024-11-08,AB-,1.0,normal,Friday,0.9374
2024-11-09,AB-,3.0,high,Saturday,0.9383
2024-11-10,AB-,1.0,normal,Sunday,0.9391
2024-11-11,AB-,3.0,normal,Monday,0.94
2024-11-12,AB-,1.0,normal,Tuesday,0.941
2024-11-13,AB-,2.0,low,Wednesday,0.9419
2024-11-14,AB-,1.0,normal,Thursday,0.9429
2024-11-15,AB-,3.0,normal,Friday,0.9438
2024-11-16,AB-,0.0,normal,Saturday,0.9448
2024-11-17,AB-,0.0,normal,Sunday,0.9458
2024-11-18,AB-,1.0,low,Monday,0.9468
2024-11-19,AB-,2.0,normal,Tuesday,0.9479
2024-11-20,AB-,3.0,normal,Wednesday,0.9489
2024-11-21,AB-,3.0,normal,Thursday,0.95
2024-11-22,AB-,2.0,normal,Friday,0.9511
2024-11-23,AB-,2.0,normal,Saturday,0.9522
2024-11-24,AB-,2.0,normal,Sunday,0.9533
2024-11-25,AB-,2.0,low,Monday,0.9544
2024-11-26,AB-,1.0,normal,Tuesday,0.9555
2024-11-27,AB-,3.0,normal,Wednesday,0.9567
2024-11-28,AB-,4.0,high,Thursday,0.9579
2024-11-29,AB-,2.0,low,Friday,0.959
2024-11-30,AB-,2.0,normal,Saturday,0.9602
2024-12-01,AB-,2.0,surge,Sunday,0.9614
2024-12-02,AB-,4.0,normal,Monday,0.9626
2024-12-03,AB-,2.0,normal,Tuesday,0.9639
2024-12-04,AB-,2.0,normal,Wednesday,0.9651
2024-12-05,AB-,4.0,surge,Thursday,0.9663
2024-12-06,AB-,4.0,normal,Friday,0.9676
2024-12-07,AB-,1.0,high,Saturday,0.9688
2024-12-08,AB-,2.0,normal,Sunday,0.9701
2024-12-09,AB-,2.0,normal,Monday,0.9714
2024-12-10,AB-,2.0,normal,Tuesday,0.9727
2024-12-11,AB-,2.0,normal,Wednesday,0.974
2024-12-12,AB-,3.0,normal,Thursday,0.9753
2024-12-13,AB-,2.0,normal,Friday,0.9766
2024-12-14,AB-,2.0,normal,Saturday,0.9779
2024-12-15,AB-,2.0,normal,Sunday,0.9793
2024-12-16,AB-,4.0,high,Monday,0.9806
2024-12-17,AB-,2.0,normal,Tuesday,0.9819
2024-12-18,AB-,3.0,normal,Wednesday,0.9833
2024-12-19,AB-,4.0,normal,Thursday,0.9846
2024-12-20,AB-,2.0,normal,Friday,0.986
2024-12-21,AB-,2.0,normal,Saturday,0.9873
2024-12-22,AB-,0.0,low,Sunday,0.9887
2024-12-23,AB-,3.0,low,Monday,0.99
2024-12-24,AB-,4.0,normal,Tuesday,0.9914
2024-12-25,AB-,3.0,normal,Wednesday,0.9928
2024-12-26,AB-,3.0,high,Thursday,0.9942
2024-12-27,AB-,2.0,normal,Friday,0.9955
2024-12-28,AB-,3.0,normal,Saturday,0.9969
2024-12-29,AB-,1.0,normal,Sunday,0.9983
2024-12-30,AB-,2.0,normal,Monday,0.9997
2024-12-31,AB-,3.0,normal,Tuesday,1.001
